page,page_type,vendor,location,before_text,after_text,target,anchor,context,stored_before,stored_after,approve (y/n)
/products/1-2-person-infrared-sauna-hemlock-chromotherapy,product,Dynamic Saunas,descriptionHtml (Description accordion),"The Gracia model is designed to plug into any standard 120V household outlet—making installation easy with no electrical upgrades required. If you're seeking a premium wellness upgrade in a smaller footprint, the DYN-6119-01 Gracia is your go-to compact sauna solution.","The Gracia model is designed to plug into any standard 120V household outlet—making installation easy with no <a href=""/pages/sauna-electrical-requirements?model=dynamic-gracia-1-2-person"">electrical upgrades</a> required. If you're seeking a premium wellness upgrade in a smaller footprint, the DYN-6119-01 Gracia is your go-to compact sauna solution.",/pages/sauna-electrical-requirements?model=dynamic-gracia-1-2-person,electrical upgrades,"The Gracia model is designed to plug into any standard 120V household outlet—making installation easy with no electrical upgrades required. If you're seeking a premium wellness upgrade in a smaller footprint, the DYN-6119-01 Gracia is your go-to compact sauna solution.","The Gracia model is designed to plug into any standard 120V household outlet—making installation easy with no electrical upgrades required. If you're seeking a premium wellness upgrade in a smaller footprint, the DYN-6119-01 Gracia is your go-to compact sauna solution.","The Gracia model is designed to plug into any standard 120V household outlet—making installation easy with no <a href=""/pages/sauna-electrical-requirements?model=dynamic-gracia-1-2-person"">electrical upgrades</a> required. If you're seeking a premium wellness upgrade in a smaller footprint, the DYN-6119-01 Gracia is your go-to compact sauna solution.",y
/products/cardoba-2person-sauna,product,Dynamic Saunas,descriptionHtml (Description accordion), plug mean there’s no need for special electrical work—just assemble and relax.," plug mean there’s no need for <a href=""/pages/sauna-electrical-requirements?model=dynamic-cordoba-dyn-6203-01-2-person"">special electrical work</a>—just assemble and relax.",/pages/sauna-electrical-requirements?model=dynamic-cordoba-dyn-6203-01-2-person,special electrical work,"With a footprint of just 46″ x 41″, this cabin-style sauna comfortably seats two while fitting easily in most indoor spaces, including home gyms, master bedrooms, or wellness corners. The clasp-together assembly system and 120V/15amp plug mean there’s no need for special electrical work—just assemble and relax.", plug mean there’s no need for special electrical work—just assemble and relax.," plug mean there’s no need for <a href=""/pages/sauna-electrical-requirements?model=dynamic-cordoba-dyn-6203-01-2-person"">special electrical work</a>—just assemble and relax.",y
/products/dynamic-avila-2-sauna-infrared,product,Dynamic Saunas,descriptionHtml (Description accordion),120V/15amp power system,"<a href=""/pages/sauna-electrical-requirements?model=dynamic-avila-1-2-person"">120V/15amp power system</a>",/pages/sauna-electrical-requirements?model=dynamic-avila-1-2-person,120V/15amp power system,"The Dynamic Saunas Avila Infrared Sauna operates on a 120V/15amp power system, making it compatible with standard home electrical outlets. The clasp-together assembly system ensures quick, hassle-free installation without professional assistance.",120V/15amp power system,"<a href=""/pages/sauna-electrical-requirements?model=dynamic-avila-1-2-person"">120V/15amp power system</a>",y
/products/dynamic-bellagio-3-person-indoor-infrared-sauna,product,Dynamic Saunas,custom.dimentions_specifications (Dimensions & Specifications accordion),"Electrical Requirements: 120V/20amp
","<a href=""/pages/sauna-electrical-requirements?model=dynamic-bellagio-3-person"">Electrical Requirements</a>: 120V/20amp
",/pages/sauna-electrical-requirements?model=dynamic-bellagio-3-person,Electrical Requirements,"Electrical Requirements: 120V/20amp
","{""type"": ""text"", ""value"": ""Electrical Requirements: 120V/20amp\n""}","[{""type"": ""link"", ""url"": ""/pages/sauna-electrical-requirements?model=dynamic-bellagio-3-person"", ""title"": null, ""children"": [{""type"": ""text"", ""value"": ""Electrical Requirements""}]}, {""type"": ""text"", ""value"": "": 120V/20amp\n""}]",y
/products/dynamic-bergamo-elite-4-person-ultra-low-emf-sauna,product,Dynamic Saunas,descriptionHtml (Description accordion),Electrical requirements are a key consideration: this unit requires a ,"<a href=""/pages/sauna-electrical-requirements"">Electrical requirements</a> are a key consideration: this unit requires a ",/pages/sauna-electrical-requirements,Electrical requirements,Electrical requirements are a key consideration: this unit requires a 120V/20 AMP dedicated Non-GFCI receptacle and breaker. A licensed electrician should be consulted to install the circuit if one is not already available at your installation site. This is standard for 4-person Dynamic models and a one-time infrastructure investment.,Electrical requirements are a key consideration: this unit requires a ,"<a href=""/pages/sauna-electrical-requirements"">Electrical requirements</a> are a key consideration: this unit requires a ",y
/products/dynamic-cordoba-2-person-full-spectrum-sauna,product,Dynamic Saunas,descriptionHtml (Description accordion)," that delivers all three infrared wavelengths — near, mid, and far — in a compact indoor cabin that plugs into a standard 120V/15 AMP outlet. It's a meaningful step up from the Martin in both heating capacity and interior space, while maintaining the same plug-and-play accessibility that makes the Dynamic full spectrum line practical for home installation without a dedicated electrical circuit."," that delivers all three infrared wavelengths — near, mid, and far — in a compact indoor cabin that plugs into a standard <a href=""/pages/sauna-electrical-requirements?model=dynamic-cordoba-full-spectrum-2-person"">120V/15 AMP outlet</a>. It's a meaningful step up from the Martin in both heating capacity and interior space, while maintaining the same plug-and-play accessibility that makes the Dynamic full spectrum line practical for home installation without a dedicated electrical circuit.",/pages/sauna-electrical-requirements?model=dynamic-cordoba-full-spectrum-2-person,120V/15 AMP outlet,"The Dynamic Cordoba DYN-6203-02 FS is a 2-person full spectrum near zero EMF infrared sauna that delivers all three infrared wavelengths — near, mid, and far — in a compact indoor cabin that plugs into a standard 120V/15 AMP outlet. It's a meaningful step up from the Martin in both heating capacity and interior space, while maintaining the same plug-and-play accessibility that makes the Dynamic full spectrum line practical for home installation without a dedicated electrical circuit."," that delivers all three infrared wavelengths — near, mid, and far — in a compact indoor cabin that plugs into a standard 120V/15 AMP outlet. It's a meaningful step up from the Martin in both heating capacity and interior space, while maintaining the same plug-and-play accessibility that makes the Dynamic full spectrum line practical for home installation without a dedicated electrical circuit."," that delivers all three infrared wavelengths — near, mid, and far — in a compact indoor cabin that plugs into a standard <a href=""/pages/sauna-electrical-requirements?model=dynamic-cordoba-full-spectrum-2-person"">120V/15 AMP outlet</a>. It's a meaningful step up from the Martin in both heating capacity and interior space, while maintaining the same plug-and-play accessibility that makes the Dynamic full spectrum line practical for home installation without a dedicated electrical circuit.",y
/products/dynamic-infrared-sauna-venice-edition,product,Dynamic Saunas,custom.dimentions_specifications (Dimensions & Specifications accordion),Requires a dedicated breaker and outlet.,"Requires a <a href=""/pages/sauna-electrical-requirements?model=dynamic-venice-2-person"">dedicated breaker and outlet</a>.",/pages/sauna-electrical-requirements?model=dynamic-venice-2-person,dedicated breaker and outlet,Requires a dedicated breaker and outlet.,"{""type"": ""text"", ""value"": ""Requires a dedicated breaker and outlet.""}","[{""type"": ""text"", ""value"": ""Requires a ""}, {""type"": ""link"", ""url"": ""/pages/sauna-electrical-requirements?model=dynamic-venice-2-person"", ""title"": null, ""children"": [{""type"": ""text"", ""value"": ""dedicated breaker and outlet""}]}, {""type"": ""text"", ""value"": "".""}]",y
/products/dynamic-llumeneres-sauna,product,Dynamic Saunas,custom.dimentions_specifications (Dimensions & Specifications accordion),Electrical Service: 120V/15amp plug and play,"<a href=""/pages/sauna-electrical-requirements"">Electrical Service</a>: 120V/15amp plug and play",/pages/sauna-electrical-requirements,Electrical Service,Electrical Service: 120V/15amp plug and play,"{""type"": ""text"", ""value"": ""Electrical Service: 120V/15amp plug and play""}","[{""type"": ""link"", ""url"": ""/pages/sauna-electrical-requirements"", ""title"": null, ""children"": [{""type"": ""text"", ""value"": ""Electrical Service""}]}, {""type"": ""text"", ""value"": "": 120V/15amp plug and play""}]",y
/products/dynamic-low-infrared-sauna-heming,product,Dynamic Saunas,custom.dimentions_specifications (Dimensions & Specifications accordion),Electrical Requirements:,"<a href=""/pages/sauna-electrical-requirements?model=dynamic-heming-2-person"">Electrical Requirements</a>:",/pages/sauna-electrical-requirements?model=dynamic-heming-2-person,Electrical Requirements,Electrical Requirements: 120V / 15 Amp standard home outlet for energy-efficient operation.,"{""type"": ""text"", ""value"": ""Electrical Requirements:"", ""bold"": true}","[{""type"": ""link"", ""url"": ""/pages/sauna-electrical-requirements?model=dynamic-heming-2-person"", ""title"": null, ""children"": [{""type"": ""text"", ""value"": ""Electrical Requirements"", ""bold"": true}]}, {""type"": ""text"", ""value"": "":"", ""bold"": true}]",y
/products/dynamic-lugano-3-person-full-spectrum-sauna,product,Dynamic Saunas,descriptionHtml (Description accordion)," — this is not a standard plug-and-play outlet connection like the lower-capacity Dynamic models. A dedicated circuit is required, and a licensed electrician should be consulted if one is not already in place at your installation site."," — this is not a standard plug-and-play outlet connection like the lower-capacity Dynamic models. A <a href=""/pages/sauna-electrical-requirements?model=dynamic-lugano-full-spectrum-3-person"">dedicated circuit</a> is required, and a licensed electrician should be consulted if one is not already in place at your installation site.",/pages/sauna-electrical-requirements?model=dynamic-lugano-full-spectrum-3-person,dedicated circuit,"The Lugano requires a 120V/20 AMP dedicated Non-GFCI receptacle and breaker — this is not a standard plug-and-play outlet connection like the lower-capacity Dynamic models. A dedicated circuit is required, and a licensed electrician should be consulted if one is not already in place at your installation site."," — this is not a standard plug-and-play outlet connection like the lower-capacity Dynamic models. A dedicated circuit is required, and a licensed electrician should be consulted if one is not already in place at your installation site."," — this is not a standard plug-and-play outlet connection like the lower-capacity Dynamic models. A <a href=""/pages/sauna-electrical-requirements?model=dynamic-lugano-full-spectrum-3-person"">dedicated circuit</a> is required, and a licensed electrician should be consulted if one is not already in place at your installation site.",y
/products/dynamic-madrid-elite-3-person-ultra-low-emf-sauna,product,Dynamic Saunas,descriptionHtml (Description accordion),Electrical requirements call for a ,"<a href=""/pages/sauna-electrical-requirements?model=dynamic-madrid-limited-elite-3-person"">Electrical requirements</a> call for a ",/pages/sauna-electrical-requirements?model=dynamic-madrid-limited-elite-3-person,Electrical requirements,"Electrical requirements call for a 120V/20 AMP dedicated Non-GFCI receptacle and breaker — a dedicated circuit is required, and a licensed electrician should be consulted if one isn't already available at your installation site. This is the same electrical requirement as other 3-person Dynamic models with 20 AMP circuits. The unit ships in 3 boxes at 400 lbs and uses clasp-together panel assembly suitable for two people.",Electrical requirements call for a ,"<a href=""/pages/sauna-electrical-requirements?model=dynamic-madrid-limited-elite-3-person"">Electrical requirements</a> call for a ",y
/products/dynamic-martin-1-2-person-full-spectrum-sauna,product,Dynamic Saunas,descriptionHtml (Description accordion)," designed for buyers who want the most advanced infrared technology in the smallest possible footprint. At just 39"" wide and 250 lbs, it ships in a single box and plugs into a standard 120V/15 AMP outlet — making it the most accessible entry point into full spectrum near zero EMF therapy in the Dynamic lineup."," designed for buyers who want the most advanced infrared technology in the smallest possible footprint. At just 39"" wide and 250 lbs, it ships in a single box and plugs into a standard <a href=""/pages/sauna-electrical-requirements?model=dynamic-martin-full-spectrum-1-2-person"">120V/15 AMP outlet</a> — making it the most accessible entry point into full spectrum near zero EMF therapy in the Dynamic lineup.",/pages/sauna-electrical-requirements?model=dynamic-martin-full-spectrum-1-2-person,120V/15 AMP outlet,"The Dynamic Martin DYN-6006-03 FS is a 1–2 person full spectrum near zero EMF infrared sauna designed for buyers who want the most advanced infrared technology in the smallest possible footprint. At just 39"" wide and 250 lbs, it ships in a single box and plugs into a standard 120V/15 AMP outlet — making it the most accessible entry point into full spectrum near zero EMF therapy in the Dynamic lineup."," designed for buyers who want the most advanced infrared technology in the smallest possible footprint. At just 39"" wide and 250 lbs, it ships in a single box and plugs into a standard 120V/15 AMP outlet — making it the most accessible entry point into full spectrum near zero EMF therapy in the Dynamic lineup."," designed for buyers who want the most advanced infrared technology in the smallest possible footprint. At just 39"" wide and 250 lbs, it ships in a single box and plugs into a standard <a href=""/pages/sauna-electrical-requirements?model=dynamic-martin-full-spectrum-1-2-person"">120V/15 AMP outlet</a> — making it the most accessible entry point into full spectrum near zero EMF therapy in the Dynamic lineup.",y
/products/dynamic-san-marino-low-emf,product,Dynamic Saunas,descriptionHtml (Description accordion), means no electrician or dedicated circuit is required — just a standard outlet on a dedicated breaker.," means no electrician or <a href=""/pages/sauna-electrical-requirements?model=dynamic-san-marino-2-person"">dedicated circuit</a> is required — just a standard outlet on a dedicated breaker.",/pages/sauna-electrical-requirements?model=dynamic-san-marino-2-person,dedicated circuit,"Controls are simple and accessible from inside and out. The interior and exterior LED control panels let you set your temperature, timer, and lighting before you even step in — or adjust on the fly mid-session. The built-in Bluetooth and MP3 auxiliary connection with 2 dynamic speakers and pre-amp means your playlist, podcast, or meditation audio is always part of the experience. Clasp-together panel assembly means two people can have this unit fully set up without special tools, and the 120V/15 AMP plug-and-play electrical connection means no electrician or dedicated circuit is required — just a standard outlet on a dedicated breaker.", means no electrician or dedicated circuit is required — just a standard outlet on a dedicated breaker.," means no electrician or <a href=""/pages/sauna-electrical-requirements?model=dynamic-san-marino-2-person"">dedicated circuit</a> is required — just a standard outlet on a dedicated breaker.",y
/products/dynamic-santiago,product,Dynamic Saunas,custom.dimentions_specifications (Dimensions & Specifications accordion),dedicated outlet recommended,"<a href=""/pages/sauna-electrical-requirements?model=dynamic-santiago-full-spectrum-2-person"">dedicated outlet</a> recommended",/pages/sauna-electrical-requirements?model=dynamic-santiago-full-spectrum-2-person,dedicated outlet,"Power / Electrical: 120V / 15A, non-GFCI, plug-and-play; dedicated outlet recommended","{""type"": ""text"", ""value"": ""dedicated outlet recommended"", ""bold"": true}","[{""type"": ""link"", ""url"": ""/pages/sauna-electrical-requirements?model=dynamic-santiago-full-spectrum-2-person"", ""title"": null, ""children"": [{""type"": ""text"", ""value"": ""dedicated outlet"", ""bold"": true}]}, {""type"": ""text"", ""value"": "" recommended"", ""bold"": true}]",y
/products/dynamic-santorini-full-spectrum-infrared-sauna,product,Dynamic Saunas,descriptionHtml (Description accordion),plugs into a standard 120V 15-amp dedicated circuit,"plugs into a standard 120V 15-amp <a href=""/pages/sauna-electrical-requirements?model=dynamic-santorini-full-spectrum-1-2-person"">dedicated circuit</a>",/pages/sauna-electrical-requirements?model=dynamic-santorini-full-spectrum-1-2-person,dedicated circuit,"Setup takes two adults roughly 1–2 hours. The sauna arrives as a flat-pack kit with all hardware included, assembles on any flat indoor surface — including carpet — and plugs into a standard 120V 15-amp dedicated circuit. No hardwiring, no special electrical work required. Exterior dimensions of 39""W × 36""D × 75""H fit comfortably in a master bath, bedroom corner, basement, or walk-in closet.",plugs into a standard 120V 15-amp dedicated circuit,"plugs into a standard 120V 15-amp <a href=""/pages/sauna-electrical-requirements?model=dynamic-santorini-full-spectrum-1-2-person"">dedicated circuit</a>",y
/products/dynamic-saunas-bergamo,product,Dynamic Saunas,descriptionHtml (Description accordion),120 V/20 A circuit,"<a href=""/pages/sauna-electrical-requirements?model=dynamic-bergamo-4-person"">120 V/20 A circuit</a>",/pages/sauna-electrical-requirements?model=dynamic-bergamo-4-person,120 V/20 A circuit,"Easy to install, the sauna snaps together tool‑free and operates on a single 120 V/20 A circuit. With interior and exterior LED control panels, you can monitor and customize heat, lighting, and session settings smoothly. It heats up efficiently, reaching up to 140 °F",120 V/20 A circuit,"<a href=""/pages/sauna-electrical-requirements?model=dynamic-bergamo-4-person"">120 V/20 A circuit</a>",y
/products/dynamic-saunas-dyn-6119-03-fs-gracia,product,Dynamic Saunas,descriptionHtml (Description accordion),", requiring no special wiring. The ",", requiring no <a href=""/pages/sauna-electrical-requirements?model=dynamic-gracia-full-spectrum-1-2-person"">special wiring</a>. The ",/pages/sauna-electrical-requirements?model=dynamic-gracia-full-spectrum-1-2-person,special wiring,"The interior features a comfortable bench, PureTech carbon heating panels, near infrared elements, an LED control panel, Bluetooth audio, and chromotherapy lighting with red light therapy. The exterior is constructed from Canadian Hemlock wood, bringing a warm spa inspired look to indoor spaces.Installation is simple with its 120 volt 15 amp plug and play design, requiring no special wiring. The full spectrum infrared technology provides a broader heating profile compared with standard far infrared systems. With supportive lighting, adjustable temperature control, and modern audio integration, the Gracia creates an inviting wellness environment for recovery, relaxation, and daily self care.",", requiring no special wiring. The ",", requiring no <a href=""/pages/sauna-electrical-requirements?model=dynamic-gracia-full-spectrum-1-2-person"">special wiring</a>. The ",y
/products/dynamic-saunas-dyn-6229-03-fs-serena,product,Dynamic Saunas,descriptionHtml (Description accordion),", allowing installation on most indoor circuits without specialized wiring. Its blend of ",", allowing installation on most indoor circuits without specialized <a href=""/pages/sauna-electrical-requirements?model=dynamic-serena-full-spectrum-2-person"">wiring</a>. Its blend of ",/pages/sauna-electrical-requirements?model=dynamic-serena-full-spectrum-2-person,wiring,"Inside, the Serena features seven heating panels, blending carbon far infrared heaters with near infrared elements for a broader therapeutic range. The cabin includes a tempered glass door, LED digital control panel, Bluetooth audio system, and chromotherapy lighting with a red light therapy option.The sauna uses a 120 volt 15 amp plug and play setup, allowing installation on most indoor circuits without specialized wiring. Its blend of near zero EMF technology, full spectrum heating, and spa inspired Hemlock design makes it ideal for home gyms, wellness rooms, and relaxation spaces.",", allowing installation on most indoor circuits without specialized wiring. Its blend of ",", allowing installation on most indoor circuits without specialized <a href=""/pages/sauna-electrical-requirements?model=dynamic-serena-full-spectrum-2-person"">wiring</a>. Its blend of ",y
/products/dynamic-saunas-dyn-6315-05-toscana,product,Dynamic Saunas,custom.dimentions_specifications (Dimensions & Specifications accordion),"Electrical Requirements, 120 volt 20 amp circuit depending on region","<a href=""/pages/sauna-electrical-requirements?model=dynamic-toscana-3-person"">Electrical Requirements</a>, 120 volt 20 amp circuit depending on region",/pages/sauna-electrical-requirements?model=dynamic-toscana-3-person,Electrical Requirements,"Electrical Requirements, 120 volt 20 amp circuit depending on region","{""type"": ""text"", ""value"": ""Electrical Requirements, 120 volt 20 amp circuit depending on region""}","[{""type"": ""link"", ""url"": ""/pages/sauna-electrical-requirements?model=dynamic-toscana-3-person"", ""title"": null, ""children"": [{""type"": ""text"", ""value"": ""Electrical Requirements""}]}, {""type"": ""text"", ""value"": "", 120 volt 20 amp circuit depending on region""}]",y
/products/dynamic-saunas-heming,product,Dynamic Saunas,descriptionHtml (Description accordion),Electrical Requirements:,"<a href=""/pages/sauna-electrical-requirements?model=dynamic-heming-elite-2-person"">Electrical Requirements</a>:",/pages/sauna-electrical-requirements?model=dynamic-heming-elite-2-person,Electrical Requirements,"
Electrical Requirements: 120V, 15A Non-GFCI Plug & Play (Dedicated Outlet Recommended)",Electrical Requirements:,"<a href=""/pages/sauna-electrical-requirements?model=dynamic-heming-elite-2-person"">Electrical Requirements</a>:",y
/products/dynamic-saunas-lugano-infrared-sauna,product,Dynamic Saunas,custom.dimentions_specifications (Dimensions & Specifications accordion),Electrical Requirements,"<a href=""/pages/sauna-electrical-requirements?model=dynamic-lugano-3-person"">Electrical Requirements</a>",/pages/sauna-electrical-requirements?model=dynamic-lugano-3-person,Electrical Requirements,Electrical Requirements: 120V / 20 AMP non-GFCI dedicated circuit and breaker,"{""type"": ""text"", ""value"": ""Electrical Requirements"", ""bold"": true}","[{""type"": ""link"", ""url"": ""/pages/sauna-electrical-requirements?model=dynamic-lugano-3-person"", ""title"": null, ""children"": [{""type"": ""text"", ""value"": ""Electrical Requirements"", ""bold"": true}]}]",y
/products/dynamic-saunas-monaco,product,Dynamic Saunas,custom.dimentions_specifications (Dimensions & Specifications accordion),Electrical Requirements:,"<a href=""/pages/sauna-electrical-requirements?model=dynamic-monaco-6-person"">Electrical Requirements</a>:",/pages/sauna-electrical-requirements?model=dynamic-monaco-6-person,Electrical Requirements,"Electrical Requirements: Two dedicated 120 V/20 A circuits, non‑GFCI rated","{""type"": ""text"", ""value"": ""Electrical Requirements:"", ""bold"": true}","[{""type"": ""link"", ""url"": ""/pages/sauna-electrical-requirements?model=dynamic-monaco-6-person"", ""title"": null, ""children"": [{""type"": ""text"", ""value"": ""Electrical Requirements"", ""bold"": true}]}, {""type"": ""text"", ""value"": "":"", ""bold"": true}]",y
/products/dynamic-saunas-vittoria-dyn-6220-01,product,Dynamic Saunas,descriptionHtml (Description accordion),"Designed for easy home setup, the Vittoria features plug-and-play convenience with a standard 120V outlet and tool-free clasp-together assembly. Whether you're easing sore muscles, supporting cardiovascular health, or simply finding a moment of peace, this 2-person sauna brings the spa experience to your space—no electrician required.","Designed for easy home setup, the Vittoria features plug-and-play convenience with a standard <a href=""/pages/sauna-electrical-requirements?model=dynamic-vittoria-2-person"">120V outlet</a> and tool-free clasp-together assembly. Whether you're easing sore muscles, supporting cardiovascular health, or simply finding a moment of peace, this 2-person sauna brings the spa experience to your space—no electrician required.",/pages/sauna-electrical-requirements?model=dynamic-vittoria-2-person,120V outlet,"Designed for easy home setup, the Vittoria features plug-and-play convenience with a standard 120V outlet and tool-free clasp-together assembly. Whether you're easing sore muscles, supporting cardiovascular health, or simply finding a moment of peace, this 2-person sauna brings the spa experience to your space—no electrician required.","Designed for easy home setup, the Vittoria features plug-and-play convenience with a standard 120V outlet and tool-free clasp-together assembly. Whether you're easing sore muscles, supporting cardiovascular health, or simply finding a moment of peace, this 2-person sauna brings the spa experience to your space—no electrician required.","Designed for easy home setup, the Vittoria features plug-and-play convenience with a standard <a href=""/pages/sauna-electrical-requirements?model=dynamic-vittoria-2-person"">120V outlet</a> and tool-free clasp-together assembly. Whether you're easing sore muscles, supporting cardiovascular health, or simply finding a moment of peace, this 2-person sauna brings the spa experience to your space—no electrician required.",y
/products/dynamic-venice-elite,product,Dynamic Saunas,custom.dimentions_specifications (Dimensions & Specifications accordion),", plug-and-play (dedicated outlet recommended)",", plug-and-play (<a href=""/pages/sauna-electrical-requirements?model=dynamic-venice-elite-2-person"">dedicated outlet</a> recommended)",/pages/sauna-electrical-requirements?model=dynamic-venice-elite-2-person,dedicated outlet,"Power / Electrical: 120V / 15A; non-GFCI, plug-and-play (dedicated outlet recommended)","{""type"": ""text"", ""value"": "", plug-and-play (dedicated outlet recommended)""}","[{""type"": ""text"", ""value"": "", plug-and-play (""}, {""type"": ""link"", ""url"": ""/pages/sauna-electrical-requirements?model=dynamic-venice-elite-2-person"", ""title"": null, ""children"": [{""type"": ""text"", ""value"": ""dedicated outlet""}]}, {""type"": ""text"", ""value"": "" recommended)""}]",y
/products/dynamic-venice-elite-2-person-ultra-low-emf-sauna,product,Dynamic Saunas,descriptionHtml (Description accordion), — a licensed electrician should be consulted if a dedicated circuit isn't already available at your installation site.," — a licensed electrician should be consulted if a <a href=""/pages/sauna-electrical-requirements?model=dynamic-venice-limited-elite-2-person"">dedicated circuit</a> isn't already available at your installation site.",/pages/sauna-electrical-requirements?model=dynamic-venice-limited-elite-2-person,dedicated circuit,The electrical requirement is a 120V/20 AMP dedicated Non-GFCI receptacle and breaker — a licensed electrician should be consulted if a dedicated circuit isn't already available at your installation site., — a licensed electrician should be consulted if a dedicated circuit isn't already available at your installation site.," — a licensed electrician should be consulted if a <a href=""/pages/sauna-electrical-requirements?model=dynamic-venice-limited-elite-2-person"">dedicated circuit</a> isn't already available at your installation site.",y
/products/dynamic-vila-grande-4-person-full-spectrum-sauna,product,Dynamic Saunas,descriptionHtml (Description accordion), — requiring a dedicated outlet and breaker but no hardwiring or professional installation for the unit itself. The ," — requiring a <a href=""/pages/sauna-electrical-requirements?model=dynamic-vila-grande-full-spectrum-4-person"">dedicated outlet</a> and breaker but no hardwiring or professional installation for the unit itself. The ",/pages/sauna-electrical-requirements?model=dynamic-vila-grande-full-spectrum-4-person,dedicated outlet,"Control is straightforward. The interior LED control panel lets you dial in temperature, timer, and lighting before or during your session. The electrical connection is 120V/20 AMP plug-and-play — requiring a dedicated outlet and breaker but no hardwiring or professional installation for the unit itself. The clasp-together panel assembly is designed for two people and requires no special tools, making setup accessible for most homeowners. The cabin is built from natural reforested Canadian Hemlock with a rich Honey Dark Stain finish and a clear tempered glass door that keeps the space feeling open and well-lit.", — requiring a dedicated outlet and breaker but no hardwiring or professional installation for the unit itself. The ," — requiring a <a href=""/pages/sauna-electrical-requirements?model=dynamic-vila-grande-full-spectrum-4-person"">dedicated outlet</a> and breaker but no hardwiring or professional installation for the unit itself. The ",y
/products/finnmark-fd-1,product,Finnmark Designs,descriptionHtml (Description accordion),"Escape the busy world and discover your own wellness sanctuary with the stylish and powerful Finnmark FD‑1 Full‑Spectrum Infrared Sauna. This beautifully crafted 1-person sauna blends premium materials—including an antimicrobial Western Canadian cedar interior and a Thermal Plus™ Aspen exterior—with advanced dual-spectrum infrared technology to deliver a rejuvenating and health-focused experience right at home. The FD‑1 heats to 170 °F in under an hour using just a standard 120 V outlet, offering full-body, deep-penetrating heat and the profound therapeutic benefits of infrared sauna sessions. ","Escape the busy world and discover your own wellness sanctuary with the stylish and powerful Finnmark FD‑1 Full‑Spectrum Infrared Sauna. This beautifully crafted 1-person sauna blends premium materials—including an antimicrobial Western Canadian cedar interior and a Thermal Plus™ Aspen exterior—with advanced dual-spectrum infrared technology to deliver a rejuvenating and health-focused experience right at home. The FD‑1 heats to 170 °F in under an hour using just a standard <a href=""/pages/sauna-electrical-requirements"">120 V outlet</a>, offering full-body, deep-penetrating heat and the profound therapeutic benefits of infrared sauna sessions. ",/pages/sauna-electrical-requirements,120 V outlet,"Escape the busy world and discover your own wellness sanctuary with the stylish and powerful Finnmark FD‑1 Full‑Spectrum Infrared Sauna. This beautifully crafted 1-person sauna blends premium materials—including an antimicrobial Western Canadian cedar interior and a Thermal Plus™ Aspen exterior—with advanced dual-spectrum infrared technology to deliver a rejuvenating and health-focused experience right at home. The FD‑1 heats to 170 °F in under an hour using just a standard 120 V outlet, offering full-body, deep-penetrating heat and the profound therapeutic benefits of infrared sauna sessions. ","Escape the busy world and discover your own wellness sanctuary with the stylish and powerful Finnmark FD‑1 Full‑Spectrum Infrared Sauna. This beautifully crafted 1-person sauna blends premium materials—including an antimicrobial Western Canadian cedar interior and a Thermal Plus™ Aspen exterior—with advanced dual-spectrum infrared technology to deliver a rejuvenating and health-focused experience right at home. The FD‑1 heats to 170 °F in under an hour using just a standard 120 V outlet, offering full-body, deep-penetrating heat and the profound therapeutic benefits of infrared sauna sessions. ","Escape the busy world and discover your own wellness sanctuary with the stylish and powerful Finnmark FD‑1 Full‑Spectrum Infrared Sauna. This beautifully crafted 1-person sauna blends premium materials—including an antimicrobial Western Canadian cedar interior and a Thermal Plus™ Aspen exterior—with advanced dual-spectrum infrared technology to deliver a rejuvenating and health-focused experience right at home. The FD‑1 heats to 170 °F in under an hour using just a standard <a href=""/pages/sauna-electrical-requirements"">120 V outlet</a>, offering full-body, deep-penetrating heat and the profound therapeutic benefits of infrared sauna sessions. ",y
/products/finnmark-fd-2,product,Finnmark Designs,custom.dimentions_specifications (Dimensions & Specifications accordion), NEMA 5-15P (Standard 120V/15A Outlet)," NEMA 5-15P (Standard <a href=""/pages/sauna-electrical-requirements"">120V/15A Outlet</a>)",/pages/sauna-electrical-requirements,120V/15A Outlet,Plug Type: NEMA 5-15P (Standard 120V/15A Outlet),"{""type"": ""text"", ""value"": "" NEMA 5-15P (Standard 120V/15A Outlet)""}","[{""type"": ""text"", ""value"": "" NEMA 5-15P (Standard ""}, {""type"": ""link"", ""url"": ""/pages/sauna-electrical-requirements"", ""title"": null, ""children"": [{""type"": ""text"", ""value"": ""120V/15A Outlet""}]}, {""type"": ""text"", ""value"": "")""}]",y
/products/gdi-8260-full-spectrum,product,Golden Designs Inc,descriptionHtml (Description accordion),", and the electrical service requires ",", and the <a href=""/pages/sauna-electrical-requirements?model=golden-designs-reserve-edition-gdi-8260-01"">electrical service</a> requires ",/pages/sauna-electrical-requirements?model=golden-designs-reserve-edition-gdi-8260-01,electrical service,"Construction is centered on Natural Reforested Canadian Hemlock Wood, a material commonly selected for infrared sauna cabins because it supports a clean interior look and stable panel construction. The sauna has a verified assembled sauna weight of 640 lbs. and a shipping weight of 775 lbs., shipping in 5 boxes. The design is specified for indoor use only, and the electrical service requires dual 120v/15 AMP non-GFCI service with dedicated electrical planning recommended.",", and the electrical service requires ",", and the <a href=""/pages/sauna-electrical-requirements?model=golden-designs-reserve-edition-gdi-8260-01"">electrical service</a> requires ",y
/products/golden-designs-6315,product,Golden Designs Inc,custom.dimentions_specifications (Dimensions & Specifications accordion),Electrical: 120 V / ~20 A dedicated circuit required,"Electrical: 120 V / ~20 A <a href=""/pages/sauna-electrical-requirements?model=dynamic-toscana-elite-3-person"">dedicated circuit</a> required",/pages/sauna-electrical-requirements?model=dynamic-toscana-elite-3-person,dedicated circuit,Electrical: 120 V / ~20 A dedicated circuit required,"{""type"": ""text"", ""value"": ""Electrical: 120 V / ~20 A dedicated circuit required""}","[{""type"": ""text"", ""value"": ""Electrical: 120 V / ~20 A ""}, {""type"": ""link"", ""url"": ""/pages/sauna-electrical-requirements?model=dynamic-toscana-elite-3-person"", ""title"": null, ""children"": [{""type"": ""text"", ""value"": ""dedicated circuit""}]}, {""type"": ""text"", ""value"": "" required""}]",y
/products/golden-designs-arlberg,product,Golden Designs Inc,descriptionHtml (Description accordion)," with lighting, audio, and essential accessories included. Electrical service requirements should be reviewed with a certified electrician before installation, including the dedicated heater circuit and separate power requirement for controls, lights, and music."," with lighting, audio, and essential accessories included. <a href=""/pages/sauna-electrical-requirements"">Electrical service</a> requirements should be reviewed with a certified electrician before installation, including the dedicated heater circuit and separate power requirement for controls, lights, and music.",/pages/sauna-electrical-requirements,Electrical service,"This model is a strong fit for buyers seeking a 3 person outdoor traditional sauna, a Canadian Hemlock sauna, or an 8.0 kW outdoor steam sauna with lighting, audio, and essential accessories included. Electrical service requirements should be reviewed with a certified electrician before installation, including the dedicated heater circuit and separate power requirement for controls, lights, and music."," with lighting, audio, and essential accessories included. Electrical service requirements should be reviewed with a certified electrician before installation, including the dedicated heater circuit and separate power requirement for controls, lights, and music."," with lighting, audio, and essential accessories included. <a href=""/pages/sauna-electrical-requirements"">Electrical service</a> requirements should be reviewed with a certified electrician before installation, including the dedicated heater circuit and separate power requirement for controls, lights, and music.",y
/products/golden-designs-drammen,product,Golden Designs Inc,descriptionHtml (Description accordion), on a dedicated circuit (electrician required). House functions such as ," on a <a href=""/pages/sauna-electrical-requirements?model=golden-designs-drammen-3-person"">dedicated circuit</a> (electrician required). House functions such as ",/pages/sauna-electrical-requirements?model=golden-designs-drammen-3-person,dedicated circuit,"Heating performance targets the sweet spot for traditional saunas: 170–185°F ideal range, with capability up to 190°F (room construction, ambient temperature, and stone load affect results). The 8.0 kW stove is specified for 240 V / 40 A on a dedicated circuit (electrician required). House functions such as lighting and audio operate on a separate 120 V / 15 A circuit. This separation helps simplify service and keeps high-load heating isolated from low-voltage accessories.", on a dedicated circuit (electrician required). House functions such as ," on a <a href=""/pages/sauna-electrical-requirements?model=golden-designs-drammen-3-person"">dedicated circuit</a> (electrician required). House functions such as ",y
/products/golden-designs-full-spectrum-sauna,product,Golden Designs Inc,descriptionHtml (Description accordion)," 120V, 20A standard plug, dedicated circuit recommended"," 120V, 20A standard plug, <a href=""/pages/sauna-electrical-requirements?model=golden-designs-reserve-edition-gdi-8040-03"">dedicated circuit</a> recommended",/pages/sauna-electrical-requirements?model=golden-designs-reserve-edition-gdi-8040-03,dedicated circuit,"
Electrical Requirements: 120V, 20A standard plug, dedicated circuit recommended"," 120V, 20A standard plug, dedicated circuit recommended"," 120V, 20A standard plug, <a href=""/pages/sauna-electrical-requirements?model=golden-designs-reserve-edition-gdi-8040-03"">dedicated circuit</a> recommended",y
/products/golden-designs-gdi-6880-02-elite-catalonia,product,Golden Designs Inc,descriptionHtml (Description accordion),240 V / 30 A dedicated circuit,"240 V / 30 A <a href=""/pages/sauna-electrical-requirements?model=golden-designs-catalonia-8-person"">dedicated circuit</a>",/pages/sauna-electrical-requirements?model=golden-designs-catalonia-8-person,dedicated circuit,"Inside you’ll find eight custom-designed comfort benches, 23 PureTech™ near-zero EMF carbon heating panels (EMF under ~2–3 milligauss at 2–3 inches from emitters), a bronze-tinted tempered glass door, Bluetooth audio with built-in speakers, a star-galaxy chromotherapy ceiling light system, and an interior/exterior LED control panel. With a spacious floor plan, wheelchair-accessible door setup and convertible layout (benches removable for yoga or stretching), this sauna fits families, couples or wellness groups. The required electrical service is 240 V / 30 A dedicated circuit, making professional installation advisable.",240 V / 30 A dedicated circuit,"240 V / 30 A <a href=""/pages/sauna-electrical-requirements?model=golden-designs-catalonia-8-person"">dedicated circuit</a>",y
/products/golden-designs-gdi-8230,product,Golden Designs Inc,custom.dimentions_specifications (Dimensions & Specifications accordion),Electrical Service: Dual 120V / 15 AMP non-GFCI,"<a href=""/pages/sauna-electrical-requirements?model=golden-designs-reserve-edition-gdi-8230-01"">Electrical Service</a>: Dual 120V / 15 AMP non-GFCI",/pages/sauna-electrical-requirements?model=golden-designs-reserve-edition-gdi-8230-01,Electrical Service,Electrical Service: Dual 120V / 15 AMP non-GFCI,"{""type"": ""text"", ""value"": ""Electrical Service: Dual 120V / 15 AMP non-GFCI""}","[{""type"": ""link"", ""url"": ""/pages/sauna-electrical-requirements?model=golden-designs-reserve-edition-gdi-8230-01"", ""title"": null, ""children"": [{""type"": ""text"", ""value"": ""Electrical Service""}]}, {""type"": ""text"", ""value"": "": Dual 120V / 15 AMP non-GFCI""}]",y
/products/golden-designs-infrared-himalayan,product,Golden Designs Inc,descriptionHtml (Description accordion),"Experience the ultimate personal wellness retreat with this 1-person infrared sauna, built for a single-person footprint in Canadian Hemlock. Crafted from natural Canadian Hemlock wood, it features advanced carbon and near-infrared heating technology for deep, even heat distribution. Enjoy chromotherapy lighting, red light therapy, and a Himalayan salt bar for enhanced health benefits. The space-saving design fits seamlessly into any indoor setting, while the Bluetooth audio system and touch screen controls provide a modern, user-friendly experience. Easy to assemble with clasp-together construction, this sauna operates efficiently on a standard 120V outlet, making it an ideal addition to your wellness routine.","Experience the ultimate personal wellness retreat with this 1-person infrared sauna, built for a single-person footprint in Canadian Hemlock. Crafted from natural Canadian Hemlock wood, it features advanced carbon and near-infrared heating technology for deep, even heat distribution. Enjoy chromotherapy lighting, red light therapy, and a Himalayan salt bar for enhanced health benefits. The space-saving design fits seamlessly into any indoor setting, while the Bluetooth audio system and touch screen controls provide a modern, user-friendly experience. Easy to assemble with clasp-together construction, this sauna operates efficiently on a standard <a href=""/pages/sauna-electrical-requirements?model=golden-designs-reserve-edition-1-person"">120V outlet</a>, making it an ideal addition to your wellness routine.",/pages/sauna-electrical-requirements?model=golden-designs-reserve-edition-1-person,120V outlet,"Experience the ultimate personal wellness retreat with this 1-person infrared sauna, built for a single-person footprint in Canadian Hemlock. Crafted from natural Canadian Hemlock wood, it features advanced carbon and near-infrared heating technology for deep, even heat distribution. Enjoy chromotherapy lighting, red light therapy, and a Himalayan salt bar for enhanced health benefits. The space-saving design fits seamlessly into any indoor setting, while the Bluetooth audio system and touch screen controls provide a modern, user-friendly experience. Easy to assemble with clasp-together construction, this sauna operates efficiently on a standard 120V outlet, making it an ideal addition to your wellness routine.","Experience the ultimate personal wellness retreat with this 1-person infrared sauna, built for a single-person footprint in Canadian Hemlock. Crafted from natural Canadian Hemlock wood, it features advanced carbon and near-infrared heating technology for deep, even heat distribution. Enjoy chromotherapy lighting, red light therapy, and a Himalayan salt bar for enhanced health benefits. The space-saving design fits seamlessly into any indoor setting, while the Bluetooth audio system and touch screen controls provide a modern, user-friendly experience. Easy to assemble with clasp-together construction, this sauna operates efficiently on a standard 120V outlet, making it an ideal addition to your wellness routine.","Experience the ultimate personal wellness retreat with this 1-person infrared sauna, built for a single-person footprint in Canadian Hemlock. Crafted from natural Canadian Hemlock wood, it features advanced carbon and near-infrared heating technology for deep, even heat distribution. Enjoy chromotherapy lighting, red light therapy, and a Himalayan salt bar for enhanced health benefits. The space-saving design fits seamlessly into any indoor setting, while the Bluetooth audio system and touch screen controls provide a modern, user-friendly experience. Easy to assemble with clasp-together construction, this sauna operates efficiently on a standard <a href=""/pages/sauna-electrical-requirements?model=golden-designs-reserve-edition-1-person"">120V outlet</a>, making it an ideal addition to your wellness routine.",y
/products/golden-designs-maxxus-mx-m356-01-fs-ced,product,Maxxus,descriptionHtml (Description accordion),240V connection,"<a href=""/pages/sauna-electrical-requirements"">240V connection</a>",/pages/sauna-electrical-requirements,240V connection,"The Maxxus MX-M356-01-FS CED is designed strictly for indoor use and features a clasp-together assembly system that helps streamline installation. The panels are built to fit together with minimal visible hardware, giving the sauna a furniture-like finish once assembled. In operation, the unit runs on a dedicated 120V / 20A non-GFCI circuit, which means it can be powered from standard residential service (with the correct 20A outlet and breaker, installed by a qualified electrician) rather than requiring a 240V connection.",240V connection,"<a href=""/pages/sauna-electrical-requirements"">240V connection</a>",y
/products/golden-designs-st-moritz-barrel-sauna,product,Golden Designs Inc,descriptionHtml (Description accordion), electrical service for the ," <a href=""/pages/sauna-electrical-requirements"">electrical service</a> for the ",/pages/sauna-electrical-requirements,electrical service,"Electrical planning is straightforward but important. The product listing specifies 240V / 30AMP electrical service for the 6 kW stove (or 240V / 40AMP for the optional 8 kW stove), and also specifies 120V / 15AMP power for the lighting and music control functions. In addition, the owner’s manual for this barrel sauna states that the heater must be hardwired by a certified electrician and that extension cords or receptacle adapters should not be used. Plan a dedicated install that meets these stated requirements to support safe and reliable operation.", electrical service for the ," <a href=""/pages/sauna-electrical-requirements"">electrical service</a> for the ",y
/products/goldendesigns-carinthia-hybrid-outdoor-sauna,product,Golden Designs Inc,custom.dimentions_specifications (Dimensions & Specifications accordion),Electrical service: 240V / 40AMP,"<a href=""/pages/sauna-electrical-requirements"">Electrical service</a>: 240V / 40AMP",/pages/sauna-electrical-requirements,Electrical service,Electrical service: 240V / 40AMP,"{""type"": ""text"", ""value"": ""Electrical service: 240V / 40AMP""}","[{""type"": ""link"", ""url"": ""/pages/sauna-electrical-requirements"", ""title"": null, ""children"": [{""type"": ""text"", ""value"": ""Electrical service""}]}, {""type"": ""text"", ""value"": "": 240V / 40AMP""}]",y
/products/gracia-ultra-lowemf-sauna,product,Dynamic Saunas,descriptionHtml (Description accordion),"Dynamic Saunas Gracia DYN-6119-01 Elite is a 1-2 person FAR infrared sauna built for indoor use with 7 Ultra Low EMF carbon heating panels and a compact footprint that fits many home wellness spaces. Designed to support comfortable sessions, the Gracia Elite pairs Ultra Low EMF performance (3–5 MG measured 2–3 inches from the heating panels) with an easy, everyday setup using 120V/15amp plug & play power on a non-GFCI connection (a dedicated outlet is recommended). If you want an infrared sauna that’s simple to live with while delivering steady radiant warmth, this model brings the essentials together in a clean, space-conscious cabin.","Dynamic Saunas Gracia DYN-6119-01 Elite is a 1-2 person FAR infrared sauna built for indoor use with 7 Ultra Low EMF carbon heating panels and a compact footprint that fits many home wellness spaces. Designed to support comfortable sessions, the Gracia Elite pairs Ultra Low EMF performance (3–5 MG measured 2–3 inches from the heating panels) with an easy, everyday setup using 120V/15amp plug & play power on a non-GFCI connection (a <a href=""/pages/sauna-electrical-requirements?model=dynamic-gracia-elite-1-2-person"">dedicated outlet</a> is recommended). If you want an infrared sauna that’s simple to live with while delivering steady radiant warmth, this model brings the essentials together in a clean, space-conscious cabin.",/pages/sauna-electrical-requirements?model=dynamic-gracia-elite-1-2-person,dedicated outlet,"Dynamic Saunas Gracia DYN-6119-01 Elite is a 1-2 person FAR infrared sauna built for indoor use with 7 Ultra Low EMF carbon heating panels and a compact footprint that fits many home wellness spaces. Designed to support comfortable sessions, the Gracia Elite pairs Ultra Low EMF performance (3–5 MG measured 2–3 inches from the heating panels) with an easy, everyday setup using 120V/15amp plug & play power on a non-GFCI connection (a dedicated outlet is recommended). If you want an infrared sauna that’s simple to live with while delivering steady radiant warmth, this model brings the essentials together in a clean, space-conscious cabin.","Dynamic Saunas Gracia DYN-6119-01 Elite is a 1-2 person FAR infrared sauna built for indoor use with 7 Ultra Low EMF carbon heating panels and a compact footprint that fits many home wellness spaces. Designed to support comfortable sessions, the Gracia Elite pairs Ultra Low EMF performance (3–5 MG measured 2–3 inches from the heating panels) with an easy, everyday setup using 120V/15amp plug & play power on a non-GFCI connection (a dedicated outlet is recommended). If you want an infrared sauna that’s simple to live with while delivering steady radiant warmth, this model brings the essentials together in a clean, space-conscious cabin.","Dynamic Saunas Gracia DYN-6119-01 Elite is a 1-2 person FAR infrared sauna built for indoor use with 7 Ultra Low EMF carbon heating panels and a compact footprint that fits many home wellness spaces. Designed to support comfortable sessions, the Gracia Elite pairs Ultra Low EMF performance (3–5 MG measured 2–3 inches from the heating panels) with an easy, everyday setup using 120V/15amp plug & play power on a non-GFCI connection (a <a href=""/pages/sauna-electrical-requirements?model=dynamic-gracia-elite-1-2-person"">dedicated outlet</a> is recommended). If you want an infrared sauna that’s simple to live with while delivering steady radiant warmth, this model brings the essentials together in a clean, space-conscious cabin.",y
/products/kohler-c1-k-38440,product,Kohler,descriptionHtml (Description accordion),240V circuit,"<a href=""/pages/sauna-electrical-requirements"">240V circuit</a>",/pages/sauna-electrical-requirements,240V circuit,"At the center of the experience is the freestanding FERO electric sauna heater, supplied with sauna stones and a protective heater guard for a classic dry sauna. The 4.5 kW heater operates on a 240V circuit and is managed by an external digital control panel that allows you to set temperature, session time, and backrest lighting with straightforward push-button controls. Dual thermostatic control and Aerotherm ventilation help maintain even cabin temperatures and comfortable air circulation during each session.",240V circuit,"<a href=""/pages/sauna-electrical-requirements"">240V circuit</a>",y
/products/kohler-c1-k-39963-0fnc,product,Kohler,custom.dimentions_specifications (Dimensions & Specifications accordion),Required electrical service: ,"Required <a href=""/pages/sauna-electrical-requirements"">electrical service</a>: ",/pages/sauna-electrical-requirements,electrical service,"Required electrical service: 220–240V, 30A, 50/60 Hz dedicated circuit","{""type"": ""text"", ""value"": ""Required electrical service: ""}","[{""type"": ""text"", ""value"": ""Required ""}, {""type"": ""link"", ""url"": ""/pages/sauna-electrical-requirements"", ""title"": null, ""children"": [{""type"": ""text"", ""value"": ""electrical service""}]}, {""type"": ""text"", ""value"": "": ""}]",y
/products/maxxus-2-person-sauna-full-spectrum,product,Maxxus,descriptionHtml (Description accordion),"120V, 15A Non-GFCI Plug & Play (Recommend Dedicated Outlet)","120V, 15A Non-GFCI Plug & Play (Recommend <a href=""/pages/sauna-electrical-requirements?model=maxxus-mx-m206-01-fs-ced-2-person"">Dedicated Outlet</a>)",/pages/sauna-electrical-requirements?model=maxxus-mx-m206-01-fs-ced-2-person,Dedicated Outlet,"
Electrical Requirements: 120V, 15A Non-GFCI Plug & Play (Recommend Dedicated Outlet)
","120V, 15A Non-GFCI Plug & Play (Recommend Dedicated Outlet)","120V, 15A Non-GFCI Plug & Play (Recommend <a href=""/pages/sauna-electrical-requirements?model=maxxus-mx-m206-01-fs-ced-2-person"">Dedicated Outlet</a>)",y
/products/maxxus-3-person-corner-sauna-hemlock,product,Maxxus,descriptionHtml (Description accordion),"Installation is seamless thanks to its clasp-together design—no tools required—and it plugs into a standard 120 V/20 A outlet (dedicated circuit recommended). Whether placed in a home gym, master bath, or wellness corner, the MX‑K356‑01 CED delivers high-end craftsmanship, holistic comfort, and peace of mind with a 5-year warranty on heating electronics.","Installation is seamless thanks to its clasp-together design—no tools required—and it plugs into a standard <a href=""/pages/sauna-electrical-requirements"">120 V/20 A outlet</a> (dedicated circuit recommended). Whether placed in a home gym, master bath, or wellness corner, the MX‑K356‑01 CED delivers high-end craftsmanship, holistic comfort, and peace of mind with a 5-year warranty on heating electronics.",/pages/sauna-electrical-requirements,120 V/20 A outlet,"Installation is seamless thanks to its clasp-together design—no tools required—and it plugs into a standard 120 V/20 A outlet (dedicated circuit recommended). Whether placed in a home gym, master bath, or wellness corner, the MX‑K356‑01 CED delivers high-end craftsmanship, holistic comfort, and peace of mind with a 5-year warranty on heating electronics.","Installation is seamless thanks to its clasp-together design—no tools required—and it plugs into a standard 120 V/20 A outlet (dedicated circuit recommended). Whether placed in a home gym, master bath, or wellness corner, the MX‑K356‑01 CED delivers high-end craftsmanship, holistic comfort, and peace of mind with a 5-year warranty on heating electronics.","Installation is seamless thanks to its clasp-together design—no tools required—and it plugs into a standard <a href=""/pages/sauna-electrical-requirements"">120 V/20 A outlet</a> (dedicated circuit recommended). Whether placed in a home gym, master bath, or wellness corner, the MX‑K356‑01 CED delivers high-end craftsmanship, holistic comfort, and peace of mind with a 5-year warranty on heating electronics.",y
/products/maxxus-3-person-sauna-hemlock-1,product,Maxxus,descriptionHtml (Description accordion),"Customizable ambiance comes via oversized chromotherapy lighting and dual LED control panels (interior and exterior). A full sound system with Bluetooth, FM, USB, and SD inputs complements your session. Setup is tool-free using clasp-together design—just plug into a standard 120 V/20 A dedicated outlet, and you’re ready in under an hour","Customizable ambiance comes via oversized chromotherapy lighting and dual LED control panels (interior and exterior). A full sound system with Bluetooth, FM, USB, and SD inputs complements your session. Setup is tool-free using clasp-together design—just plug into a standard 120 V/20 A <a href=""/pages/sauna-electrical-requirements"">dedicated outlet</a>, and you’re ready in under an hour",/pages/sauna-electrical-requirements,dedicated outlet,"Customizable ambiance comes via oversized chromotherapy lighting and dual LED control panels (interior and exterior). A full sound system with Bluetooth, FM, USB, and SD inputs complements your session. Setup is tool-free using clasp-together design—just plug into a standard 120 V/20 A dedicated outlet, and you’re ready in under an hour","Customizable ambiance comes via oversized chromotherapy lighting and dual LED control panels (interior and exterior). A full sound system with Bluetooth, FM, USB, and SD inputs complements your session. Setup is tool-free using clasp-together design—just plug into a standard 120 V/20 A dedicated outlet, and you’re ready in under an hour","Customizable ambiance comes via oversized chromotherapy lighting and dual LED control panels (interior and exterior). A full sound system with Bluetooth, FM, USB, and SD inputs complements your session. Setup is tool-free using clasp-together design—just plug into a standard 120 V/20 A <a href=""/pages/sauna-electrical-requirements"">dedicated outlet</a>, and you’re ready in under an hour",y
/products/maxxus-3-person-sauna-hemlock-ultralow,product,Maxxus,custom.dimentions_specifications (Dimensions & Specifications accordion),Electrical Service,"<a href=""/pages/sauna-electrical-requirements"">Electrical Service</a>",/pages/sauna-electrical-requirements,Electrical Service,Electrical Service: 120V/20amp dedicated receptacle (consult a certified electrician),"{""type"": ""text"", ""value"": ""Electrical Service"", ""bold"": true}","[{""type"": ""link"", ""url"": ""/pages/sauna-electrical-requirements"", ""title"": null, ""children"": [{""type"": ""text"", ""value"": ""Electrical Service"", ""bold"": true}]}]",y
/products/maxxus-aspen-sauna,product,Maxxus,custom.dimentions_specifications (Dimensions & Specifications accordion), connection (household circuit; dedicated outlet recommended)," connection (household circuit; <a href=""/pages/sauna-electrical-requirements?model=maxxus-aspen-2-person"">dedicated outlet</a> recommended)",/pages/sauna-electrical-requirements?model=maxxus-aspen-2-person,dedicated outlet,Power / Electrical: 120V / 15A non-GFCI plug & play connection (household circuit; dedicated outlet recommended),"{""type"": ""text"", ""value"": "" connection (household circuit; dedicated outlet recommended)""}","[{""type"": ""text"", ""value"": "" connection (household circuit; ""}, {""type"": ""link"", ""url"": ""/pages/sauna-electrical-requirements?model=maxxus-aspen-2-person"", ""title"": null, ""children"": [{""type"": ""text"", ""value"": ""dedicated outlet""}]}, {""type"": ""text"", ""value"": "" recommended)""}]",y
/products/maxxus-mx-k306-sauna,product,Maxxus,descriptionHtml (Description accordion),"Bring an at-home heat routine into your day with the Maxxus MX-K306-01-ZF HEM—a 3 person Near Zero EMF FAR infrared sauna crafted in Canadian Hemlock, featuring 7 carbon heating panels, chromotherapy lighting with a red light feature, and Bluetooth audio. Built for indoor use only, it runs on 120 V / 20 AMP electrical service and is designed for straightforward, clasp-together assembly.","Bring an at-home heat routine into your day with the Maxxus MX-K306-01-ZF HEM—a 3 person Near Zero EMF FAR infrared sauna crafted in Canadian Hemlock, featuring 7 carbon heating panels, chromotherapy lighting with a red light feature, and Bluetooth audio. Built for indoor use only, it runs on <a href=""/pages/sauna-electrical-requirements"">120 V / 20 AMP electrical service</a> and is designed for straightforward, clasp-together assembly.",/pages/sauna-electrical-requirements,120 V / 20 AMP electrical service,"Bring an at-home heat routine into your day with the Maxxus MX-K306-01-ZF HEM—a 3 person Near Zero EMF FAR infrared sauna crafted in Canadian Hemlock, featuring 7 carbon heating panels, chromotherapy lighting with a red light feature, and Bluetooth audio. Built for indoor use only, it runs on 120 V / 20 AMP electrical service and is designed for straightforward, clasp-together assembly.","Bring an at-home heat routine into your day with the Maxxus MX-K306-01-ZF HEM—a 3 person Near Zero EMF FAR infrared sauna crafted in Canadian Hemlock, featuring 7 carbon heating panels, chromotherapy lighting with a red light feature, and Bluetooth audio. Built for indoor use only, it runs on 120 V / 20 AMP electrical service and is designed for straightforward, clasp-together assembly.","Bring an at-home heat routine into your day with the Maxxus MX-K306-01-ZF HEM—a 3 person Near Zero EMF FAR infrared sauna crafted in Canadian Hemlock, featuring 7 carbon heating panels, chromotherapy lighting with a red light feature, and Bluetooth audio. Built for indoor use only, it runs on <a href=""/pages/sauna-electrical-requirements"">120 V / 20 AMP electrical service</a> and is designed for straightforward, clasp-together assembly.",y
/products/maxxus-mx-m356-01-fs-ced,product,Maxxus,custom.dimentions_specifications (Dimensions & Specifications accordion),120V / 20A dedicated outlet,"120V / 20A <a href=""/pages/sauna-electrical-requirements"">dedicated outlet</a>",/pages/sauna-electrical-requirements,dedicated outlet,120V / 20A dedicated outlet,"{""type"": ""text"", ""value"": ""120V / 20A dedicated outlet""}","[{""type"": ""text"", ""value"": ""120V / 20A ""}, {""type"": ""link"", ""url"": ""/pages/sauna-electrical-requirements"", ""title"": null, ""children"": [{""type"": ""text"", ""value"": ""dedicated outlet""}]}]",y
/products/maxxus-mx-s106-01,product,Maxxus,descriptionHtml (Description accordion),higher-voltage wiring,"higher-voltage <a href=""/pages/sauna-electrical-requirements?model=maxxus-s-line-1-person"">wiring</a>",/pages/sauna-electrical-requirements?model=maxxus-s-line-1-person,wiring,"Electrically, the MX-S106-01 runs on a standard 120V, 15A dedicated circuit with a non-GFCI plug-and-play connection, as specified by the manufacturer. This helps avoid the need for higher-voltage wiring while still powering the seven carbon heating panels and electronics. Always follow local electrical codes and, if needed, consult a licensed electrician to confirm that the outlet and circuit meet the sauna’s requirements.",higher-voltage wiring,"higher-voltage <a href=""/pages/sauna-electrical-requirements?model=maxxus-s-line-1-person"">wiring</a>",y
/products/maxxus-s206-elite-sauna,product,Maxxus,descriptionHtml (Description accordion),"This model is set up for convenient in-home ownership. The sauna is plug & play on 120V / 15 AMP electrical service using a non-GFCI connection, with a dedicated outlet recommended. Once installed, you can manage sessions from the interior LED control panel while enjoying built-in entertainment through Bluetooth and MP3 auxiliary connectivity with built-in speakers. For ambiance, the sauna includes an interior chromotherapy lighting system with a red light feature, and the bronze privacy tempered-glass door helps create a calmer, more enclosed feel without fully blocking light.","This model is set up for convenient in-home ownership. The sauna is plug & play on <a href=""/pages/sauna-electrical-requirements"">120V / 15 AMP electrical service</a> using a non-GFCI connection, with a dedicated outlet recommended. Once installed, you can manage sessions from the interior LED control panel while enjoying built-in entertainment through Bluetooth and MP3 auxiliary connectivity with built-in speakers. For ambiance, the sauna includes an interior chromotherapy lighting system with a red light feature, and the bronze privacy tempered-glass door helps create a calmer, more enclosed feel without fully blocking light.",/pages/sauna-electrical-requirements,120V / 15 AMP electrical service,"This model is set up for convenient in-home ownership. The sauna is plug & play on 120V / 15 AMP electrical service using a non-GFCI connection, with a dedicated outlet recommended. Once installed, you can manage sessions from the interior LED control panel while enjoying built-in entertainment through Bluetooth and MP3 auxiliary connectivity with built-in speakers. For ambiance, the sauna includes an interior chromotherapy lighting system with a red light feature, and the bronze privacy tempered-glass door helps create a calmer, more enclosed feel without fully blocking light.","This model is set up for convenient in-home ownership. The sauna is plug & play on 120V / 15 AMP electrical service using a non-GFCI connection, with a dedicated outlet recommended. Once installed, you can manage sessions from the interior LED control panel while enjoying built-in entertainment through Bluetooth and MP3 auxiliary connectivity with built-in speakers. For ambiance, the sauna includes an interior chromotherapy lighting system with a red light feature, and the bronze privacy tempered-glass door helps create a calmer, more enclosed feel without fully blocking light.","This model is set up for convenient in-home ownership. The sauna is plug & play on <a href=""/pages/sauna-electrical-requirements"">120V / 15 AMP electrical service</a> using a non-GFCI connection, with a dedicated outlet recommended. Once installed, you can manage sessions from the interior LED control panel while enjoying built-in entertainment through Bluetooth and MP3 auxiliary connectivity with built-in speakers. For ambiance, the sauna includes an interior chromotherapy lighting system with a red light feature, and the bronze privacy tempered-glass door helps create a calmer, more enclosed feel without fully blocking light.",y
/products/maxxus-serenity-2-person-low-emf-sauna,product,Maxxus,descriptionHtml (Description accordion)," built for the buyer who wants a compact footprint, a compact footprint, and a setup that works in almost any indoor space without special wiring. Plug it into a standard 120V/15 AMP outlet on a dedicated breaker and you're ready to go — no electrician, no hardwiring, no contractor."," built for the buyer who wants a compact footprint, a compact footprint, and a setup that works in almost any indoor space without <a href=""/pages/sauna-electrical-requirements"">special wiring</a>. Plug it into a standard 120V/15 AMP outlet on a dedicated breaker and you're ready to go — no electrician, no hardwiring, no contractor.",/pages/sauna-electrical-requirements,special wiring,"The Maxxus Serenity MX-LS2-01 is a 2-person low EMF FAR infrared sauna built for the buyer who wants a compact footprint, a compact footprint, and a setup that works in almost any indoor space without special wiring. Plug it into a standard 120V/15 AMP outlet on a dedicated breaker and you're ready to go — no electrician, no hardwiring, no contractor."," built for the buyer who wants a compact footprint, a compact footprint, and a setup that works in almost any indoor space without special wiring. Plug it into a standard 120V/15 AMP outlet on a dedicated breaker and you're ready to go — no electrician, no hardwiring, no contractor."," built for the buyer who wants a compact footprint, a compact footprint, and a setup that works in almost any indoor space without <a href=""/pages/sauna-electrical-requirements"">special wiring</a>. Plug it into a standard 120V/15 AMP outlet on a dedicated breaker and you're ready to go — no electrician, no hardwiring, no contractor.",y
/products/maxxus-sline-elite-sauna,product,Maxxus,descriptionHtml (Description accordion),"On the exterior, the sauna’s clean, modern lines pair with a bronze privacy tempered glass door to give the room a finished look while still feeling open and inviting. The Canadian Hemlock construction is selected for indoor sauna environments and creates a warm, natural setting that fits a wide range of home spaces. Electrical planning is straightforward: the unit is specified for 120V / 20 AMP service with a non-GFCI dedicated receptacle and breaker (and it is not a 220/240V unit).","On the exterior, the sauna’s clean, modern lines pair with a bronze privacy tempered glass door to give the room a finished look while still feeling open and inviting. The Canadian Hemlock construction is selected for indoor sauna environments and creates a warm, natural setting that fits a wide range of home spaces. Electrical planning is straightforward: the unit is specified for <a href=""/pages/sauna-electrical-requirements"">120V / 20 AMP service</a> with a non-GFCI dedicated receptacle and breaker (and it is not a 220/240V unit).",/pages/sauna-electrical-requirements,120V / 20 AMP service,"On the exterior, the sauna’s clean, modern lines pair with a bronze privacy tempered glass door to give the room a finished look while still feeling open and inviting. The Canadian Hemlock construction is selected for indoor sauna environments and creates a warm, natural setting that fits a wide range of home spaces. Electrical planning is straightforward: the unit is specified for 120V / 20 AMP service with a non-GFCI dedicated receptacle and breaker (and it is not a 220/240V unit).","On the exterior, the sauna’s clean, modern lines pair with a bronze privacy tempered glass door to give the room a finished look while still feeling open and inviting. The Canadian Hemlock construction is selected for indoor sauna environments and creates a warm, natural setting that fits a wide range of home spaces. Electrical planning is straightforward: the unit is specified for 120V / 20 AMP service with a non-GFCI dedicated receptacle and breaker (and it is not a 220/240V unit).","On the exterior, the sauna’s clean, modern lines pair with a bronze privacy tempered glass door to give the room a finished look while still feeling open and inviting. The Canadian Hemlock construction is selected for indoor sauna environments and creates a warm, natural setting that fits a wide range of home spaces. Electrical planning is straightforward: the unit is specified for <a href=""/pages/sauna-electrical-requirements"">120V / 20 AMP service</a> with a non-GFCI dedicated receptacle and breaker (and it is not a 220/240V unit).",y
/products/santiago-low-emf-sauna,product,Dynamic Saunas,descriptionHtml (Description accordion),"Built for two, this compact sauna provides full-body warmth without taking up excess space. It seats two, runs on a standard 120V outlet, and assembles without tools.","Built for two, this compact sauna provides full-body warmth without taking up excess space. It seats two, runs on a standard <a href=""/pages/sauna-electrical-requirements?model=dynamic-santiago-2-person"">120V outlet</a>, and assembles without tools.",/pages/sauna-electrical-requirements?model=dynamic-santiago-2-person,120V outlet,"Built for two, this compact sauna provides full-body warmth without taking up excess space. It seats two, runs on a standard 120V outlet, and assembles without tools.","Built for two, this compact sauna provides full-body warmth without taking up excess space. It seats two, runs on a standard 120V outlet, and assembles without tools.","Built for two, this compact sauna provides full-body warmth without taking up excess space. It seats two, runs on a standard <a href=""/pages/sauna-electrical-requirements?model=dynamic-santiago-2-person"">120V outlet</a>, and assembles without tools.",y
/products/saunalife-cl3g,product,SaunaLife,descriptionHtml (Description accordion),"To complete the atmosphere, the included white LED lighting system is designed for indirect illumination and scene-setting. It’s controllable via Wi-Fi/app functionality and a handheld remote, and the system operates on low voltage inside the sauna environment. The lighting system requires a standard 120VAC power outlet for the power supply, while delivering 24VDC operation to the lighting components.","To complete the atmosphere, the included white LED lighting system is designed for indirect illumination and scene-setting. It’s controllable via Wi-Fi/app functionality and a handheld remote, and the system operates on low voltage inside the sauna environment. The lighting system requires a standard 120VAC power outlet for the <a href=""/pages/sauna-electrical-requirements"">power supply</a>, while delivering 24VDC operation to the lighting components.",/pages/sauna-electrical-requirements,power supply,"To complete the atmosphere, the included white LED lighting system is designed for indirect illumination and scene-setting. It’s controllable via Wi-Fi/app functionality and a handheld remote, and the system operates on low voltage inside the sauna environment. The lighting system requires a standard 120VAC power outlet for the power supply, while delivering 24VDC operation to the lighting components.","To complete the atmosphere, the included white LED lighting system is designed for indirect illumination and scene-setting. It’s controllable via Wi-Fi/app functionality and a handheld remote, and the system operates on low voltage inside the sauna environment. The lighting system requires a standard 120VAC power outlet for the power supply, while delivering 24VDC operation to the lighting components.","To complete the atmosphere, the included white LED lighting system is designed for indirect illumination and scene-setting. It’s controllable via Wi-Fi/app functionality and a handheld remote, and the system operates on low voltage inside the sauna environment. The lighting system requires a standard 120VAC power outlet for the <a href=""/pages/sauna-electrical-requirements"">power supply</a>, while delivering 24VDC operation to the lighting components.",y
/products/saunalife-ee6g,product,SaunaLife,custom.dimentions_specifications (Dimensions & Specifications accordion),Power Supply Input Voltage:,"<a href=""/pages/sauna-electrical-requirements"">Power Supply</a> Input Voltage:",/pages/sauna-electrical-requirements,Power Supply,Power Supply Input Voltage: 120VAC,"{""type"": ""text"", ""value"": ""Power Supply Input Voltage:"", ""bold"": true}","[{""type"": ""link"", ""url"": ""/pages/sauna-electrical-requirements"", ""title"": null, ""children"": [{""type"": ""text"", ""value"": ""Power Supply"", ""bold"": true}]}, {""type"": ""text"", ""value"": "" Input Voltage:"", ""bold"": true}]",y
/products/vorarlberg-outdoor-sauna,product,Golden Designs Inc,descriptionHtml (Description accordion),240V / 40AMP service for the stove,"<a href=""/pages/sauna-electrical-requirements"">240V / 40AMP service</a> for the stove",/pages/sauna-electrical-requirements,240V / 40AMP service,"For traditional sauna use, the included sandglass, bucket, and scoop support classic water-over-stone sauna routines when used according to the heater instructions. The sauna ships in 8 boxes and has an assembled weight of 720 lbs, with a listed shipping weight of 985 lbs. Electrical requirements include a 240V / 40AMP service for the stove plus 120V / 15AMP service for the controls, lights, and music, with installation by a certified electrician required for the heater. The owner’s manual also identifies a 120V 15AMP outlet requirement and a dedicated 240V 40AMP circuit requirement for the heater.",240V / 40AMP service for the stove,"<a href=""/pages/sauna-electrical-requirements"">240V / 40AMP service</a> for the stove",y
/blogs/saunas/best-2-person-sauna-buyers-guide,article,,article body (existing paragraph),Most 2-person infrared saunas operate on standard 120V/15A circuits with a dedicated outlet recommended,"Most 2-person infrared saunas operate on standard 120V/15A circuits with a <a href=""/pages/infrared-sauna-dedicated-circuit"">dedicated outlet</a> recommended",/pages/infrared-sauna-dedicated-circuit,dedicated outlet,Most 2-person infrared saunas operate on standard 120V/15A circuits with a dedicated outlet recommended,Most 2-person infrared saunas operate on standard 120V/15A circuits with a dedicated outlet recommended,"Most 2-person infrared saunas operate on standard 120V/15A circuits with a <a href=""/pages/infrared-sauna-dedicated-circuit"">dedicated outlet</a> recommended",y
/blogs/saunas/costco-sauna-guide-worth-it,article,,article body (existing paragraph)," the sticker price—the dedicated circuit, the 700-pound crate left at the curb, the assembly hours, and where support goes after Costco’s return window closes."," the sticker price—the <a href=""/pages/sauna-electrical-requirements"">dedicated circuit</a>, the 700-pound crate left at the curb, the assembly hours, and where support goes after Costco’s return window closes.",/pages/sauna-electrical-requirements,dedicated circuit,"A Costco sauna is usually a model line other retailers also sell, for less money, and whether it is worth it comes down to what Costco does not do. The hardware is usually solid. What catches buyers off guard is everything around the sticker price—the dedicated circuit, the 700-pound crate left at the curb, the assembly hours, and where support goes after Costco’s return window closes."," the sticker price—the dedicated circuit, the 700-pound crate left at the curb, the assembly hours, and where support goes after Costco’s return window closes."," the sticker price—the <a href=""/pages/sauna-electrical-requirements"">dedicated circuit</a>, the 700-pound crate left at the curb, the assembly hours, and where support goes after Costco’s return window closes.",y
/blogs/saunas/arcadia-barrel-sauna-guide,article,,article body (existing paragraph),"
{
  ""@context"": ""https://schema.org"",
  ""@type"": ""FAQPage"",
  ""mainEntity"": [
    { ""@type"": ""Question"", ""name"": ""Is the Costco Arcadia sauna worth it?"", ""acceptedAnswer"": { ""@type"": ""Answer"", ""text"": ""The Arcadia is a strong value if your top priority is a traditional 2-person cedar barrel sauna at close to the lowest possible purchase price. You get Premium Red Cedar, a 6.0kW Harvia heater and a compact footprint. The trade-offs: it's bought through a warehouse retailer rather than a sauna specialist, it's a tight 2-person design, and the warranty isn't spelled out at the point of sale. Buyers who want more room, upgraded materials, or specialist installation and support have stronger alternatives like the Golden Designs St. Moritz and Zurich."" } },
    { ""@type"": ""Question"", ""name"": ""How much does the Costco Arcadia sauna cost?"", ""acceptedAnswer"": { ""@type"": ""Answer"", ""text"": ""Costco pricing varies by warehouse and time, and the listing often hides location-specific pricing. A third-party inventory tracker has shown warehouse pricing around $2,999.99. Remember this is the purchase price only. Once you add a dedicated 240V/30A circuit installed by a licensed electrician and a level, well-draining foundation, the true installed cost typically runs several thousand dollars more."" } },
    { ""@type"": ""Question"", ""name"": ""What are the Arcadia sauna dimensions?"", ""acceptedAnswer"": { ""@type"": ""Answer"", ""text"": ""Costco lists the Arcadia (model COSARC64RU) at exterior 78 x 47 x 81.5 inches with an interior of about 75.1 x 39.3 x 75.1 inches, weighing 762 lb, seating 2 people. It uses a 6.0kW Harvia heater on 240V/30A and includes integrated LED lighting."" } },
    { ""@type"": ""Question"", ""name"": ""Does the Arcadia require a 240V circuit?"", ""acceptedAnswer"": { ""@type"": ""Answer"", ""text"": ""Yes. The 6.0kW Harvia heater needs a dedicated 240V, 30-amp circuit installed by a licensed electrician and cannot run on a standard 120V household outlet. Budget roughly $500 to $1,500 or more for the electrical work depending on the distance from your panel and local rates."" } },
    { ""@type"": ""Question"", ""name"": ""How long does the Arcadia take to heat up?"", ""acceptedAnswer"": { ""@type"": ""Answer"", ""text"": ""Expect roughly 30 to 45 minutes to reach a comfortable 165 to 180F, and up to an hour for a traditional 190F, with cold or windy weather adding time. These are general benchmarks for a 6kW heater in an outdoor barrel, not a guaranteed figure for every install."" } },
    { ""@type"": ""Question"", ""name"": ""How many people comfortably fit in the Arcadia?"", ""acceptedAnswer"": { ""@type"": ""Answer"", ""text"": ""It's a 2-person sauna, but with a 47-inch depth that realistically means two adults seated close together rather than lounging or lying down. Buyers who want to stretch out or seat more people should size up to a deeper 4-person barrel like the Golden Designs Zurich (75 x 73 x 80 inches) or a 6-person model."" } },
    { ""@type"": ""Question"", ""name"": ""Is the Arcadia actually an Almost Heaven sauna, and is it the Duet?"", ""acceptedAnswer"": { ""@type"": ""Answer"", ""text"": ""It is an Almost Heaven Saunas model sold through Costco's direct-from-manufacturer program, but it is NOT the Duet. Costco lists them as separate models: the Arcadia (COSARC64RU) is 78 x 47 x 81.5 inches, 762 lb, with integrated LED lighting and a tempered-glass port window; the Duet (COSDUET64RU) is 72 x 47 x 75 inches, 610 lb, with a full-glass door and a longer delivery window. Confirm the exact model on the live Costco listing."" } },
    { ""@type"": ""Question"", ""name"": ""How difficult is Arcadia assembly?"", ""acceptedAnswer"": { ""@type"": ""Answer"", ""text"": ""Plan on a realistic 2 to 4 hours for an experienced two- to three-person crew, and a full day for first-timers. Delivery is curbside only, so you must move 700-plus pounds of components to the pad yourself, then assemble the cradle, staves, bands, benches, door and heater. The heater must be wired by a licensed electrician, which is separate from assembly."" } },
    { ""@type"": ""Question"", ""name"": ""Can the Arcadia be used outdoors in winter?"", ""acceptedAnswer"": { ""@type"": ""Answer"", ""text"": ""Yes, barrel saunas are built for year-round outdoor use, but winter lengthens heat-up time and raises energy use, and the foundation and electrical components must be rated for outdoor exposure. Expect roughly 10 to 15 minutes longer to reach temperature in freezing, windy conditions."" } },
    { ""@type"": ""Question"", ""name"": ""What are the best Arcadia alternatives?"", ""acceptedAnswer"": { ""@type"": ""Answer"", ""text"": ""The closest comparable upgrade is the Golden Designs St. Moritz: a 2-person Pacific Premium Cedar barrel with a 6.0kW Harvia WALL heater, bronze privacy glass door and specialist support, at $4,999. For more room, the 4-person Golden Designs Zurich at $6,999. For a premium buy-once build, the 6-person SaunaLife EE8G with Thermo-Spruce staves, a full glass front and a shingle roof at $8,140 (heater separate)."" } }
  ]
}
","
{
  ""@context"": ""https://schema.org"",
  ""@type"": ""FAQPage"",
  ""mainEntity"": [
    { ""@type"": ""Question"", ""name"": ""Is the Costco Arcadia sauna worth it?"", ""acceptedAnswer"": { ""@type"": ""Answer"", ""text"": ""The Arcadia is a strong value if your top priority is a traditional 2-person cedar barrel sauna at close to the lowest possible purchase price. You get Premium Red Cedar, a 6.0kW Harvia heater and a compact footprint. The trade-offs: it's bought through a warehouse retailer rather than a sauna specialist, it's a tight 2-person design, and the warranty isn't spelled out at the point of sale. Buyers who want more room, upgraded materials, or specialist installation and support have stronger alternatives like the Golden Designs St. Moritz and Zurich."" } },
    { ""@type"": ""Question"", ""name"": ""How much does the Costco Arcadia sauna cost?"", ""acceptedAnswer"": { ""@type"": ""Answer"", ""text"": ""Costco pricing varies by warehouse and time, and the listing often hides location-specific pricing. A third-party inventory tracker has shown warehouse pricing around $2,999.99. Remember this is the purchase price only. Once you add a dedicated 240V/30A circuit installed by a licensed electrician and a level, well-draining foundation, the true installed cost typically runs several thousand dollars more."" } },
    { ""@type"": ""Question"", ""name"": ""What are the Arcadia sauna dimensions?"", ""acceptedAnswer"": { ""@type"": ""Answer"", ""text"": ""Costco lists the Arcadia (model COSARC64RU) at exterior 78 x 47 x 81.5 inches with an interior of about 75.1 x 39.3 x 75.1 inches, weighing 762 lb, seating 2 people. It uses a 6.0kW Harvia heater on 240V/30A and includes integrated LED lighting."" } },
    { ""@type"": ""Question"", ""name"": ""Does the Arcadia require a 240V circuit?"", ""acceptedAnswer"": { ""@type"": ""Answer"", ""text"": ""Yes. The 6.0kW Harvia heater needs a dedicated 240V, 30-amp circuit installed by a licensed electrician and cannot run on a standard 120V household outlet. Budget roughly $500 to $1,500 or more for the electrical work depending on the distance from your panel and local rates."" } },
    { ""@type"": ""Question"", ""name"": ""How long does the Arcadia take to heat up?"", ""acceptedAnswer"": { ""@type"": ""Answer"", ""text"": ""Expect roughly 30 to 45 minutes to reach a comfortable 165 to 180F, and up to an hour for a traditional 190F, with cold or windy weather adding time. These are general benchmarks for a <a href=""/pages/6-kw-sauna-heater-breaker-size"">6kW heater</a> in an outdoor barrel, not a guaranteed figure for every install."" } },
    { ""@type"": ""Question"", ""name"": ""How many people comfortably fit in the Arcadia?"", ""acceptedAnswer"": { ""@type"": ""Answer"", ""text"": ""It's a 2-person sauna, but with a 47-inch depth that realistically means two adults seated close together rather than lounging or lying down. Buyers who want to stretch out or seat more people should size up to a deeper 4-person barrel like the Golden Designs Zurich (75 x 73 x 80 inches) or a 6-person model."" } },
    { ""@type"": ""Question"", ""name"": ""Is the Arcadia actually an Almost Heaven sauna, and is it the Duet?"", ""acceptedAnswer"": { ""@type"": ""Answer"", ""text"": ""It is an Almost Heaven Saunas model sold through Costco's direct-from-manufacturer program, but it is NOT the Duet. Costco lists them as separate models: the Arcadia (COSARC64RU) is 78 x 47 x 81.5 inches, 762 lb, with integrated LED lighting and a tempered-glass port window; the Duet (COSDUET64RU) is 72 x 47 x 75 inches, 610 lb, with a full-glass door and a longer delivery window. Confirm the exact model on the live Costco listing."" } },
    { ""@type"": ""Question"", ""name"": ""How difficult is Arcadia assembly?"", ""acceptedAnswer"": { ""@type"": ""Answer"", ""text"": ""Plan on a realistic 2 to 4 hours for an experienced two- to three-person crew, and a full day for first-timers. Delivery is curbside only, so you must move 700-plus pounds of components to the pad yourself, then assemble the cradle, staves, bands, benches, door and heater. The heater must be wired by a licensed electrician, which is separate from assembly."" } },
    { ""@type"": ""Question"", ""name"": ""Can the Arcadia be used outdoors in winter?"", ""acceptedAnswer"": { ""@type"": ""Answer"", ""text"": ""Yes, barrel saunas are built for year-round outdoor use, but winter lengthens heat-up time and raises energy use, and the foundation and electrical components must be rated for outdoor exposure. Expect roughly 10 to 15 minutes longer to reach temperature in freezing, windy conditions."" } },
    { ""@type"": ""Question"", ""name"": ""What are the best Arcadia alternatives?"", ""acceptedAnswer"": { ""@type"": ""Answer"", ""text"": ""The closest comparable upgrade is the Golden Designs St. Moritz: a 2-person Pacific Premium Cedar barrel with a 6.0kW Harvia WALL heater, bronze privacy glass door and specialist support, at $4,999. For more room, the 4-person Golden Designs Zurich at $6,999. For a premium buy-once build, the 6-person SaunaLife EE8G with Thermo-Spruce staves, a full glass front and a shingle roof at $8,140 (heater separate)."" } }
  ]
}
",/pages/6-kw-sauna-heater-breaker-size,6kW heater,"{
  ""@context"": ""https://schema.org"",
  ""@type"": ""Review"",
  ""itemReviewed"": { ""@type"": ""Product"", ""name"": ""Almost Heaven Arcadia 2-Person Outdoor Barrel Sauna"", ""brand"": { ""@type"": ""Brand"", ""name"": ""Almost Heaven Saunas"" }, ""model"": ""COSARC64RU"" },
  ""author"": { ""@type"": ""Organization"", ""name"": ""InHouse Wellness"" },
  ""publisher"": { ""@type"": ""Organization"", ""name"": ""InHouse Wellness"" },
  ""review","
{
  ""@context"": ""https://schema.org"",
  ""@type"": ""FAQPage"",
  ""mainEntity"": [
    { ""@type"": ""Question"", ""name"": ""Is the Costco Arcadia sauna worth it?"", ""acceptedAnswer"": { ""@type"": ""Answer"", ""text"": ""The Arcadia is a strong value if your top priority is a traditional 2-person cedar barrel sauna at close to the lowest possible purchase price. You get Premium Red Cedar, a 6.0kW Harvia heater and a compact footprint. The trade-offs: it's bought through a warehouse retailer rather than a sauna specialist, it's a tight 2-person design, and the warranty isn't spelled out at the point of sale. Buyers who want more room, upgraded materials, or specialist installation and support have stronger alternatives like the Golden Designs St. Moritz and Zurich."" } },
    { ""@type"": ""Question"", ""name"": ""How much does the Costco Arcadia sauna cost?"", ""acceptedAnswer"": { ""@type"": ""Answer"", ""text"": ""Costco pricing varies by warehouse and time, and the listing often hides location-specific pricing. A third-party inventory tracker has shown warehouse pricing around $2,999.99. Remember this is the purchase price only. Once you add a dedicated 240V/30A circuit installed by a licensed electrician and a level, well-draining foundation, the true installed cost typically runs several thousand dollars more."" } },
    { ""@type"": ""Question"", ""name"": ""What are the Arcadia sauna dimensions?"", ""acceptedAnswer"": { ""@type"": ""Answer"", ""text"": ""Costco lists the Arcadia (model COSARC64RU) at exterior 78 x 47 x 81.5 inches with an interior of about 75.1 x 39.3 x 75.1 inches, weighing 762 lb, seating 2 people. It uses a 6.0kW Harvia heater on 240V/30A and includes integrated LED lighting."" } },
    { ""@type"": ""Question"", ""name"": ""Does the Arcadia require a 240V circuit?"", ""acceptedAnswer"": { ""@type"": ""Answer"", ""text"": ""Yes. The 6.0kW Harvia heater needs a dedicated 240V, 30-amp circuit installed by a licensed electrician and cannot run on a standard 120V household outlet. Budget roughly $500 to $1,500 or more for the electrical work depending on the distance from your panel and local rates."" } },
    { ""@type"": ""Question"", ""name"": ""How long does the Arcadia take to heat up?"", ""acceptedAnswer"": { ""@type"": ""Answer"", ""text"": ""Expect roughly 30 to 45 minutes to reach a comfortable 165 to 180F, and up to an hour for a traditional 190F, with cold or windy weather adding time. These are general benchmarks for a 6kW heater in an outdoor barrel, not a guaranteed figure for every install."" } },
    { ""@type"": ""Question"", ""name"": ""How many people comfortably fit in the Arcadia?"", ""acceptedAnswer"": { ""@type"": ""Answer"", ""text"": ""It's a 2-person sauna, but with a 47-inch depth that realistically means two adults seated close together rather than lounging or lying down. Buyers who want to stretch out or seat more people should size up to a deeper 4-person barrel like the Golden Designs Zurich (75 x 73 x 80 inches) or a 6-person model."" } },
    { ""@type"": ""Question"", ""name"": ""Is the Arcadia actually an Almost Heaven sauna, and is it the Duet?"", ""acceptedAnswer"": { ""@type"": ""Answer"", ""text"": ""It is an Almost Heaven Saunas model sold through Costco's direct-from-manufacturer program, but it is NOT the Duet. Costco lists them as separate models: the Arcadia (COSARC64RU) is 78 x 47 x 81.5 inches, 762 lb, with integrated LED lighting and a tempered-glass port window; the Duet (COSDUET64RU) is 72 x 47 x 75 inches, 610 lb, with a full-glass door and a longer delivery window. Confirm the exact model on the live Costco listing."" } },
    { ""@type"": ""Question"", ""name"": ""How difficult is Arcadia assembly?"", ""acceptedAnswer"": { ""@type"": ""Answer"", ""text"": ""Plan on a realistic 2 to 4 hours for an experienced two- to three-person crew, and a full day for first-timers. Delivery is curbside only, so you must move 700-plus pounds of components to the pad yourself, then assemble the cradle, staves, bands, benches, door and heater. The heater must be wired by a licensed electrician, which is separate from assembly."" } },
    { ""@type"": ""Question"", ""name"": ""Can the Arcadia be used outdoors in winter?"", ""acceptedAnswer"": { ""@type"": ""Answer"", ""text"": ""Yes, barrel saunas are built for year-round outdoor use, but winter lengthens heat-up time and raises energy use, and the foundation and electrical components must be rated for outdoor exposure. Expect roughly 10 to 15 minutes longer to reach temperature in freezing, windy conditions."" } },
    { ""@type"": ""Question"", ""name"": ""What are the best Arcadia alternatives?"", ""acceptedAnswer"": { ""@type"": ""Answer"", ""text"": ""The closest comparable upgrade is the Golden Designs St. Moritz: a 2-person Pacific Premium Cedar barrel with a 6.0kW Harvia WALL heater, bronze privacy glass door and specialist support, at $4,999. For more room, the 4-person Golden Designs Zurich at $6,999. For a premium buy-once build, the 6-person SaunaLife EE8G with Thermo-Spruce staves, a full glass front and a shingle roof at $8,140 (heater separate)."" } }
  ]
}
","
{
  ""@context"": ""https://schema.org"",
  ""@type"": ""FAQPage"",
  ""mainEntity"": [
    { ""@type"": ""Question"", ""name"": ""Is the Costco Arcadia sauna worth it?"", ""acceptedAnswer"": { ""@type"": ""Answer"", ""text"": ""The Arcadia is a strong value if your top priority is a traditional 2-person cedar barrel sauna at close to the lowest possible purchase price. You get Premium Red Cedar, a 6.0kW Harvia heater and a compact footprint. The trade-offs: it's bought through a warehouse retailer rather than a sauna specialist, it's a tight 2-person design, and the warranty isn't spelled out at the point of sale. Buyers who want more room, upgraded materials, or specialist installation and support have stronger alternatives like the Golden Designs St. Moritz and Zurich."" } },
    { ""@type"": ""Question"", ""name"": ""How much does the Costco Arcadia sauna cost?"", ""acceptedAnswer"": { ""@type"": ""Answer"", ""text"": ""Costco pricing varies by warehouse and time, and the listing often hides location-specific pricing. A third-party inventory tracker has shown warehouse pricing around $2,999.99. Remember this is the purchase price only. Once you add a dedicated 240V/30A circuit installed by a licensed electrician and a level, well-draining foundation, the true installed cost typically runs several thousand dollars more."" } },
    { ""@type"": ""Question"", ""name"": ""What are the Arcadia sauna dimensions?"", ""acceptedAnswer"": { ""@type"": ""Answer"", ""text"": ""Costco lists the Arcadia (model COSARC64RU) at exterior 78 x 47 x 81.5 inches with an interior of about 75.1 x 39.3 x 75.1 inches, weighing 762 lb, seating 2 people. It uses a 6.0kW Harvia heater on 240V/30A and includes integrated LED lighting."" } },
    { ""@type"": ""Question"", ""name"": ""Does the Arcadia require a 240V circuit?"", ""acceptedAnswer"": { ""@type"": ""Answer"", ""text"": ""Yes. The 6.0kW Harvia heater needs a dedicated 240V, 30-amp circuit installed by a licensed electrician and cannot run on a standard 120V household outlet. Budget roughly $500 to $1,500 or more for the electrical work depending on the distance from your panel and local rates."" } },
    { ""@type"": ""Question"", ""name"": ""How long does the Arcadia take to heat up?"", ""acceptedAnswer"": { ""@type"": ""Answer"", ""text"": ""Expect roughly 30 to 45 minutes to reach a comfortable 165 to 180F, and up to an hour for a traditional 190F, with cold or windy weather adding time. These are general benchmarks for a <a href=""/pages/6-kw-sauna-heater-breaker-size"">6kW heater</a> in an outdoor barrel, not a guaranteed figure for every install."" } },
    { ""@type"": ""Question"", ""name"": ""How many people comfortably fit in the Arcadia?"", ""acceptedAnswer"": { ""@type"": ""Answer"", ""text"": ""It's a 2-person sauna, but with a 47-inch depth that realistically means two adults seated close together rather than lounging or lying down. Buyers who want to stretch out or seat more people should size up to a deeper 4-person barrel like the Golden Designs Zurich (75 x 73 x 80 inches) or a 6-person model."" } },
    { ""@type"": ""Question"", ""name"": ""Is the Arcadia actually an Almost Heaven sauna, and is it the Duet?"", ""acceptedAnswer"": { ""@type"": ""Answer"", ""text"": ""It is an Almost Heaven Saunas model sold through Costco's direct-from-manufacturer program, but it is NOT the Duet. Costco lists them as separate models: the Arcadia (COSARC64RU) is 78 x 47 x 81.5 inches, 762 lb, with integrated LED lighting and a tempered-glass port window; the Duet (COSDUET64RU) is 72 x 47 x 75 inches, 610 lb, with a full-glass door and a longer delivery window. Confirm the exact model on the live Costco listing."" } },
    { ""@type"": ""Question"", ""name"": ""How difficult is Arcadia assembly?"", ""acceptedAnswer"": { ""@type"": ""Answer"", ""text"": ""Plan on a realistic 2 to 4 hours for an experienced two- to three-person crew, and a full day for first-timers. Delivery is curbside only, so you must move 700-plus pounds of components to the pad yourself, then assemble the cradle, staves, bands, benches, door and heater. The heater must be wired by a licensed electrician, which is separate from assembly."" } },
    { ""@type"": ""Question"", ""name"": ""Can the Arcadia be used outdoors in winter?"", ""acceptedAnswer"": { ""@type"": ""Answer"", ""text"": ""Yes, barrel saunas are built for year-round outdoor use, but winter lengthens heat-up time and raises energy use, and the foundation and electrical components must be rated for outdoor exposure. Expect roughly 10 to 15 minutes longer to reach temperature in freezing, windy conditions."" } },
    { ""@type"": ""Question"", ""name"": ""What are the best Arcadia alternatives?"", ""acceptedAnswer"": { ""@type"": ""Answer"", ""text"": ""The closest comparable upgrade is the Golden Designs St. Moritz: a 2-person Pacific Premium Cedar barrel with a 6.0kW Harvia WALL heater, bronze privacy glass door and specialist support, at $4,999. For more room, the 4-person Golden Designs Zurich at $6,999. For a premium buy-once build, the 6-person SaunaLife EE8G with Thermo-Spruce staves, a full glass front and a shingle roof at $8,140 (heater separate)."" } }
  ]
}
",y
/blogs/saunas/best-infrared-sauna-muscle-recovery,article,,article body (existing paragraph),Electrical requirements (most require 120V or 240V dedicated circuit; consult electrician),"Electrical requirements (most require 120V or 240V <a href=""/pages/sauna-electrical-requirements"">dedicated circuit</a>; consult electrician)",/pages/sauna-electrical-requirements,dedicated circuit,Electrical requirements (most require 120V or 240V dedicated circuit; consult electrician),Electrical requirements (most require 120V or 240V dedicated circuit; consult electrician),"Electrical requirements (most require 120V or 240V <a href=""/pages/sauna-electrical-requirements"">dedicated circuit</a>; consult electrician)",y
/blogs/saunas/sisu-sauna-review,article,,article body (existing paragraph),Example calculation (HUUM Drop 6 kW heater):,"Example calculation (HUUM Drop <a href=""/pages/6-kw-sauna-heater-breaker-size"">6 kW heater</a>):",/pages/6-kw-sauna-heater-breaker-size,6 kW heater,Example calculation (HUUM Drop 6 kW heater):,Example calculation (HUUM Drop 6 kW heater):,"Example calculation (HUUM Drop <a href=""/pages/6-kw-sauna-heater-breaker-size"">6 kW heater</a>):",y
/blogs/saunas/nurecover-tropic-home-sauna-review,article,,article body (existing paragraph),"The ideal operating temperature range is listed around 118–132°F, with a maximum of about 140°F; it uses 120V/15A ""plug and play"" non-GFCI dedicated circuit (InHouse Wellness, MX-S106-01 listing). The unit includes bench seating, tempered glass door, interior LED or chromotherapy/red-light lighting, and built-in audio (Bluetooth/aux) in many listings (InHouse Wellness, MX-S106-01 listing).","The ideal operating temperature range is listed around 118–132°F, with a maximum of about 140°F; it uses 120V/15A ""plug and play"" non-GFCI <a href=""/pages/sauna-electrical-requirements"">dedicated circuit</a> (InHouse Wellness, MX-S106-01 listing). The unit includes bench seating, tempered glass door, interior LED or chromotherapy/red-light lighting, and built-in audio (Bluetooth/aux) in many listings (InHouse Wellness, MX-S106-01 listing).",/pages/sauna-electrical-requirements,dedicated circuit,"The ideal operating temperature range is listed around 118–132°F, with a maximum of about 140°F; it uses 120V/15A ""plug and play"" non-GFCI dedicated circuit (InHouse Wellness, MX-S106-01 listing). The unit includes bench seating, tempered glass door, interior LED or chromotherapy/red-light lighting, and built-in audio (Bluetooth/aux) in many listings (InHouse Wellness, MX-S106-01 listing).","The ideal operating temperature range is listed around 118–132°F, with a maximum of about 140°F; it uses 120V/15A ""plug and play"" non-GFCI dedicated circuit (InHouse Wellness, MX-S106-01 listing). The unit includes bench seating, tempered glass door, interior LED or chromotherapy/red-light lighting, and built-in audio (Bluetooth/aux) in many listings (InHouse Wellness, MX-S106-01 listing).","The ideal operating temperature range is listed around 118–132°F, with a maximum of about 140°F; it uses 120V/15A ""plug and play"" non-GFCI <a href=""/pages/sauna-electrical-requirements"">dedicated circuit</a> (InHouse Wellness, MX-S106-01 listing). The unit includes bench seating, tempered glass door, interior LED or chromotherapy/red-light lighting, and built-in audio (Bluetooth/aux) in many listings (InHouse Wellness, MX-S106-01 listing).",y
/blogs/saunas/dry-sauna-for-home,article,,article body (existing paragraph)," Most require 220–240V and 30–60A dedicated circuits. Heater nameplates specify exact requirements—never guess. A 6 kW heater at 240V typically draws about 25A; a 9 kW heater draws closer to 40A (Finnish Sauna Builders, 2025; Sauna Supply Co, 2024)."," Most require 220–240V and 30–60A dedicated circuits. Heater nameplates specify exact requirements—never guess. A <a href=""/pages/6-kw-sauna-heater-breaker-size"">6 kW heater</a> at 240V typically draws about 25A; a 9 kW heater draws closer to 40A (Finnish Sauna Builders, 2025; Sauna Supply Co, 2024).",/pages/6-kw-sauna-heater-breaker-size,6 kW heater,"Traditional electric heaters: Most require 220–240V and 30–60A dedicated circuits. Heater nameplates specify exact requirements—never guess. A 6 kW heater at 240V typically draws about 25A; a 9 kW heater draws closer to 40A (Finnish Sauna Builders, 2025; Sauna Supply Co, 2024)."," Most require 220–240V and 30–60A dedicated circuits. Heater nameplates specify exact requirements—never guess. A 6 kW heater at 240V typically draws about 25A; a 9 kW heater draws closer to 40A (Finnish Sauna Builders, 2025; Sauna Supply Co, 2024)."," Most require 220–240V and 30–60A dedicated circuits. Heater nameplates specify exact requirements—never guess. A <a href=""/pages/6-kw-sauna-heater-breaker-size"">6 kW heater</a> at 240V typically draws about 25A; a 9 kW heater draws closer to 40A (Finnish Sauna Builders, 2025; Sauna Supply Co, 2024).",y
/blogs/saunas/sauna-narrow-hallway-doorway-fit-guide,article,,article body (existing paragraph),"Q: What electrical verification do I need before ordering? Determine whether the model requires 120V or 240V. Many compact infrared saunas run on 120V and require a standard 15A or 20A circuit. Larger traditional saunas often require 240V with a 30A to 60A breaker and a dedicated circuit. If 240V is required and you haven't confirmed your electrical panel can support it, consult a licensed electrician before placing an order.","Q: What electrical verification do I need before ordering? Determine whether the model requires 120V or 240V. Many compact infrared saunas run on 120V and require a standard 15A or 20A circuit. Larger traditional saunas often require 240V with a 30A to 60A breaker and a <a href=""/pages/infrared-sauna-dedicated-circuit"">dedicated circuit</a>. If 240V is required and you haven't confirmed your electrical panel can support it, consult a licensed electrician before placing an order.",/pages/infrared-sauna-dedicated-circuit,dedicated circuit,"Q: What electrical verification do I need before ordering? Determine whether the model requires 120V or 240V. Many compact infrared saunas run on 120V and require a standard 15A or 20A circuit. Larger traditional saunas often require 240V with a 30A to 60A breaker and a dedicated circuit. If 240V is required and you haven't confirmed your electrical panel can support it, consult a licensed electri","Q: What electrical verification do I need before ordering? Determine whether the model requires 120V or 240V. Many compact infrared saunas run on 120V and require a standard 15A or 20A circuit. Larger traditional saunas often require 240V with a 30A to 60A breaker and a dedicated circuit. If 240V is required and you haven't confirmed your electrical panel can support it, consult a licensed electrician before placing an order.","Q: What electrical verification do I need before ordering? Determine whether the model requires 120V or 240V. Many compact infrared saunas run on 120V and require a standard 15A or 20A circuit. Larger traditional saunas often require 240V with a 30A to 60A breaker and a <a href=""/pages/infrared-sauna-dedicated-circuit"">dedicated circuit</a>. If 240V is required and you haven't confirmed your electrical panel can support it, consult a licensed electrician before placing an order.",y
/blogs/saunas/finnmark-fd4-vs-almost-heaven-audra,article,,article body (existing paragraph),"The Audra requires a 240V hardwired connection installed by a licensed electrician. Multiple sources — including Almost Heaven’s own installation guidance and independent build videos — are explicit that this is non-negotiable. Depending on your electrical panel and distance to the installation site, this can add $300–$800+ in electrician fees (estimate; varies by region and complexity). An 8kW heater configuration referenced in one installation guide specifies an 8-2 w/ground copper wire run and a 40-amp non-GFCI breaker, though buyers should confirm the exact heater requirements for their specific Audra configuration.","The Audra requires a 240V hardwired connection installed by a licensed electrician. Multiple sources — including Almost Heaven’s own installation guidance and independent build videos — are explicit that this is non-negotiable. Depending on your electrical panel and distance to the installation site, this can add $300–$800+ in electrician fees (estimate; varies by region and complexity). An <a href=""/pages/8-kw-sauna-heater-breaker-size"">8kW heater</a> configuration referenced in one installation guide specifies an 8-2 w/ground copper wire run and a 40-amp non-GFCI breaker, though buyers should confirm the exact heater requirements for their specific Audra configuration.",/pages/8-kw-sauna-heater-breaker-size,8kW heater,"The Audra requires a 240V hardwired connection installed by a licensed electrician. Multiple sources — including Almost Heaven’s own installation guidance and independent build videos — are explicit that this is non-negotiable. Depending on your electrical panel and distance to the installation site, this can add $300–$800+ in electrician fees (estimate; varies by region and complexity). An 8kW he","The Audra requires a 240V hardwired connection installed by a licensed electrician. Multiple sources — including Almost Heaven’s own installation guidance and independent build videos — are explicit that this is non-negotiable. Depending on your electrical panel and distance to the installation site, this can add $300–$800+ in electrician fees (estimate; varies by region and complexity). An 8kW heater configuration referenced in one installation guide specifies an 8-2 w/ground copper wire run and a 40-amp non-GFCI breaker, though buyers should confirm the exact heater requirements for their specific Audra configuration.","The Audra requires a 240V hardwired connection installed by a licensed electrician. Multiple sources — including Almost Heaven’s own installation guidance and independent build videos — are explicit that this is non-negotiable. Depending on your electrical panel and distance to the installation site, this can add $300–$800+ in electrician fees (estimate; varies by region and complexity). An <a href=""/pages/8-kw-sauna-heater-breaker-size"">8kW heater</a> configuration referenced in one installation guide specifies an 8-2 w/ground copper wire run and a 40-amp non-GFCI breaker, though buyers should confirm the exact heater requirements for their specific Audra configuration.",y
/blogs/saunas/small-space-sauna-guide-corner-straight-wall-compact-cabin,article,,article body (existing paragraph),"Infrared saunas: typically operate on standard 120V circuits, drawing 15–20 amps. Most plug into a dedicated 120V outlet. [Finnleo Infrared vs. Traditional; NFPA 70 NEC]","Infrared saunas: typically operate on standard 120V circuits, drawing 15–20 amps. Most plug into a <a href=""/pages/infrared-sauna-dedicated-circuit"">dedicated 120V outlet</a>. [Finnleo Infrared vs. Traditional; NFPA 70 NEC]",/pages/infrared-sauna-dedicated-circuit,dedicated 120V outlet,"Infrared saunas: typically operate on standard 120V circuits, drawing 15–20 amps. Most plug into a dedicated 120V outlet. [Finnleo Infrared vs. Traditional; NFPA 70 NEC]","Infrared saunas: typically operate on standard 120V circuits, drawing 15–20 amps. Most plug into a dedicated 120V outlet. [Finnleo Infrared vs. Traditional; NFPA 70 NEC]","Infrared saunas: typically operate on standard 120V circuits, drawing 15–20 amps. Most plug into a <a href=""/pages/infrared-sauna-dedicated-circuit"">dedicated 120V outlet</a>. [Finnleo Infrared vs. Traditional; NFPA 70 NEC]",y
/blogs/saunas/sunray-roslyn-vs-almost-heaven-madison-which-indoor-sauna-is-right-for-you,article,,article body (existing paragraph),"Using a 6kW heater and an assumed electricity rate of $0.16/kWh, a one-hour session costs approximately $0.96 in electricity. For comparison, the Roslyn at 2.1kW costs roughly $0.25-$0.34 per session at the same rate. These are estimates - your actual rate will vary.","Using a <a href=""/pages/6-kw-sauna-heater-breaker-size"">6kW heater</a> and an assumed electricity rate of $0.16/kWh, a one-hour session costs approximately $0.96 in electricity. For comparison, the Roslyn at 2.1kW costs roughly $0.25-$0.34 per session at the same rate. These are estimates - your actual rate will vary.",/pages/6-kw-sauna-heater-breaker-size,6kW heater,"Using a 6kW heater and an assumed electricity rate of $0.16/kWh, a one-hour session costs approximately $0.96 in electricity. For comparison, the Roslyn at 2.1kW costs roughly $0.25-$0.34 per session at the same rate. These are estimates - your actual rate will vary.","Using a 6kW heater and an assumed electricity rate of $0.16/kWh, a one-hour session costs approximately $0.96 in electricity. For comparison, the Roslyn at 2.1kW costs roughly $0.25-$0.34 per session at the same rate. These are estimates - your actual rate will vary.","Using a <a href=""/pages/6-kw-sauna-heater-breaker-size"">6kW heater</a> and an assumed electricity rate of $0.16/kWh, a one-hour session costs approximately $0.96 in electricity. For comparison, the Roslyn at 2.1kW costs roughly $0.25-$0.34 per session at the same rate. These are estimates - your actual rate will vary.",y
/blogs/saunas/home-sauna-steam-room-lifetime-operating-costs,article,,article body (existing paragraph),A 6kW heater running for 1.5 hours (including preheat) at $0.17/kWh costs roughly $1.53 per session. The same session in California at $0.30/kWh costs $2.70. That gap compounds fast over a decade of twice-weekly use.,"A <a href=""/pages/6-kw-sauna-heater-breaker-size"">6kW heater</a> running for 1.5 hours (including preheat) at $0.17/kWh costs roughly $1.53 per session. The same session in California at $0.30/kWh costs $2.70. That gap compounds fast over a decade of twice-weekly use.",/pages/6-kw-sauna-heater-breaker-size,6kW heater,A 6kW heater running for 1.5 hours (including preheat) at $0.17/kWh costs roughly $1.53 per session. The same session in California at $0.30/kWh costs $2.70. That gap compounds fast over a decade of twice-weekly use.,A 6kW heater running for 1.5 hours (including preheat) at $0.17/kWh costs roughly $1.53 per session. The same session in California at $0.30/kWh costs $2.70. That gap compounds fast over a decade of twice-weekly use.,"A <a href=""/pages/6-kw-sauna-heater-breaker-size"">6kW heater</a> running for 1.5 hours (including preheat) at $0.17/kWh costs roughly $1.53 per session. The same session in California at $0.30/kWh costs $2.70. That gap compounds fast over a decade of twice-weekly use.",y
/blogs/saunas/indoor-vs-outdoor-sauna-guide,article,,article body (existing paragraph),A 6 kW heater running 4 sessions per week at average US electricity rates produces a rough monthly estimate — but the actual number varies widely by usage pattern and region,"A <a href=""/pages/6-kw-sauna-heater-breaker-size"">6 kW heater</a> running 4 sessions per week at average US electricity rates produces a rough monthly estimate — but the actual number varies widely by usage pattern and region",/pages/6-kw-sauna-heater-breaker-size,6 kW heater,A 6 kW heater running 4 sessions per week at average US electricity rates produces a rough monthly estimate — but the actual number varies widely by usage pattern and region,A 6 kW heater running 4 sessions per week at average US electricity rates produces a rough monthly estimate — but the actual number varies widely by usage pattern and region,"A <a href=""/pages/6-kw-sauna-heater-breaker-size"">6 kW heater</a> running 4 sessions per week at average US electricity rates produces a rough monthly estimate — but the actual number varies widely by usage pattern and region",y
/blogs/saunas/heavenly-heat-sauna-review,article,,article body (existing paragraph),"Electrical requirements (voltage, dedicated circuit, amp draw)","Electrical requirements (voltage, <a href=""/pages/sauna-electrical-requirements"">dedicated circuit</a>, amp draw)",/pages/sauna-electrical-requirements,dedicated circuit,"Electrical requirements (voltage, dedicated circuit, amp draw)","Electrical requirements (voltage, dedicated circuit, amp draw)","Electrical requirements (voltage, <a href=""/pages/sauna-electrical-requirements"">dedicated circuit</a>, amp draw)",y
/blogs/wellness/renovation-sequencing-wellness-installations,article,,article body (existing paragraph),"Dedicated outlet/circuit per spec, delivery path","<a href=""/pages/sauna-electrical-requirements"">Dedicated outlet</a>/circuit per spec, delivery path",/pages/sauna-electrical-requirements,Dedicated outlet,"Dedicated outlet/circuit per spec, delivery path","Dedicated outlet/circuit per spec, delivery path","<a href=""/pages/sauna-electrical-requirements"">Dedicated outlet</a>/circuit per spec, delivery path",y
/blogs/wellness/insurance-permits-code-thermal-rooms,article,,article body (existing paragraph),"Traditional hardwired sauna heaters are commonly described in consumer guides as needing a 240V dedicated circuit, often in the 30–60 amp range depending on heater size — confirm exact sizing with your electrician and manufacturer specs (JASpector, 2026).","Traditional hardwired sauna heaters are commonly described in consumer guides as needing a 240V dedicated circuit, often in the 30–60 amp range depending on <a href=""/pages/sauna-heater-size-calculator"">heater size</a> — confirm exact sizing with your electrician and manufacturer specs (JASpector, 2026).",/pages/sauna-heater-size-calculator,heater size,"Traditional hardwired sauna heaters are commonly described in consumer guides as needing a 240V dedicated circuit, often in the 30–60 amp range depending on heater size — confirm exact sizing with your electrician and manufacturer specs (JASpector, 2026).","Traditional hardwired sauna heaters are commonly described in consumer guides as needing a 240V dedicated circuit, often in the 30–60 amp range depending on heater size — confirm exact sizing with your electrician and manufacturer specs (JASpector, 2026).","Traditional hardwired sauna heaters are commonly described in consumer guides as needing a 240V dedicated circuit, often in the 30–60 amp range depending on <a href=""/pages/sauna-heater-size-calculator"">heater size</a> — confirm exact sizing with your electrician and manufacturer specs (JASpector, 2026).",y
/blogs/saunas/golden-designs-saunas-review,article,,article body (existing paragraph),"The Visby packs the most complete hybrid system in the lineup into a compact 3-person cedar cabin: an 8 kW stove for traditional high heat (up to ~190°F) plus nine full-spectrum infrared emitters for lower-temperature radiant sessions, so you can choose your heat style day to day. Its all-weather exterior is rated for indoor or outdoor use, and the Canadian Red Cedar interior is naturally moisture- and rot-resistant—which is why we treat it as the most flexible cabin here. The costs of that flexibility are real: it's heavy (about 1,420 lb shipping), ships in nine boxes, and needs a solid, level foundation plus professional 240V/40A wiring.","The Visby packs the most complete hybrid system in the lineup into a compact 3-person cedar cabin: an <a href=""/pages/8-kw-sauna-heater-breaker-size"">8 kW stove</a> for traditional high heat (up to ~190°F) plus nine full-spectrum infrared emitters for lower-temperature radiant sessions, so you can choose your heat style day to day. Its all-weather exterior is rated for indoor or outdoor use, and the Canadian Red Cedar interior is naturally moisture- and rot-resistant—which is why we treat it as the most flexible cabin here. The costs of that flexibility are real: it's heavy (about 1,420 lb shipping), ships in nine boxes, and needs a solid, level foundation plus professional 240V/40A wiring.",/pages/8-kw-sauna-heater-breaker-size,8 kW stove,"The Visby packs the most complete hybrid system in the lineup into a compact 3-person cedar cabin: an 8 kW stove for traditional high heat (up to ~190°F) plus nine full-spectrum infrared emitters for lower-temperature radiant sessions, so you can choose your heat style day to day. Its all-weather exterior is rated for indoor or outdoor use, and the Canadian Red Cedar interior is naturally moisture","The Visby packs the most complete hybrid system in the lineup into a compact 3-person cedar cabin: an 8 kW stove for traditional high heat (up to ~190°F) plus nine full-spectrum infrared emitters for lower-temperature radiant sessions, so you can choose your heat style day to day. Its all-weather exterior is rated for indoor or outdoor use, and the Canadian Red Cedar interior is naturally moisture- and rot-resistant—which is why we treat it as the most flexible cabin here. The costs of that flexibility are real: it's heavy (about 1,420 lb shipping), ships in nine boxes, and needs a solid, level foundation plus professional 240V/40A wiring.","The Visby packs the most complete hybrid system in the lineup into a compact 3-person cedar cabin: an <a href=""/pages/8-kw-sauna-heater-breaker-size"">8 kW stove</a> for traditional high heat (up to ~190°F) plus nine full-spectrum infrared emitters for lower-temperature radiant sessions, so you can choose your heat style day to day. Its all-weather exterior is rated for indoor or outdoor use, and the Canadian Red Cedar interior is naturally moisture- and rot-resistant—which is why we treat it as the most flexible cabin here. The costs of that flexibility are real: it's heavy (about 1,420 lb shipping), ships in nine boxes, and needs a solid, level foundation plus professional 240V/40A wiring.",y
/blogs/saunas/dynamic-venice-sauna-review,article,,article body (existing paragraph),Electrical service,"<a href=""/pages/sauna-electrical-requirements"">Electrical service</a>",/pages/sauna-electrical-requirements,Electrical service,Electrical service,Electrical service,"<a href=""/pages/sauna-electrical-requirements"">Electrical service</a>",y
/blogs/saunas/maxxus-saunas-review-buyers-guide,article,,article body (existing paragraph),"Short answer: neither line wins on the nameplate. The comparison is decided by footprint, interior dimensions, heater layout, electrical requirement, wood, and whether EMF figures come with disclosed test conditions.","Short answer: neither line wins on the nameplate. The comparison is decided by footprint, interior dimensions, heater layout, <a href=""/pages/sauna-electrical-requirements"">electrical requirement</a>, wood, and whether EMF figures come with disclosed test conditions.",/pages/sauna-electrical-requirements,electrical requirement,"Short answer: neither line wins on the nameplate. The comparison is decided by footprint, interior dimensions, heater layout, electrical requirement, wood, and whether EMF figures come with disclosed test conditions.","Short answer: neither line wins on the nameplate. The comparison is decided by footprint, interior dimensions, heater layout, electrical requirement, wood, and whether EMF figures come with disclosed test conditions.","Short answer: neither line wins on the nameplate. The comparison is decided by footprint, interior dimensions, heater layout, <a href=""/pages/sauna-electrical-requirements"">electrical requirement</a>, wood, and whether EMF figures come with disclosed test conditions.",y
/blogs/saunas/finnmark-designs-saunas,article,,article body (existing paragraph), FD-1 and FD-2 use a standard 120V/15A outlet; FD-3 needs a dedicated 240V circuit; FD-4 needs two 120V circuits; FD-5 needs two 240V circuits with hardwiring. Confirm your panel before ordering.," FD-1 and FD-2 use a standard 120V/15A outlet; FD-3 needs a dedicated <a href=""/pages/sauna-electrical-requirements"">240V circuit</a>; FD-4 needs two 120V circuits; FD-5 needs two 240V circuits with hardwiring. Confirm your panel before ordering.",/pages/sauna-electrical-requirements,240V circuit,Check power first: FD-1 and FD-2 use a standard 120V/15A outlet; FD-3 needs a dedicated 240V circuit; FD-4 needs two 120V circuits; FD-5 needs two 240V circuits with hardwiring. Confirm your panel before ordering., FD-1 and FD-2 use a standard 120V/15A outlet; FD-3 needs a dedicated 240V circuit; FD-4 needs two 120V circuits; FD-5 needs two 240V circuits with hardwiring. Confirm your panel before ordering.," FD-1 and FD-2 use a standard 120V/15A outlet; FD-3 needs a dedicated <a href=""/pages/sauna-electrical-requirements"">240V circuit</a>; FD-4 needs two 120V circuits; FD-5 needs two 240V circuits with hardwiring. Confirm your panel before ordering.",y
/blogs/saunas/dynamic-saunas-review,article,,article body (existing paragraph),"Dynamic is Golden Designs' value-focused, indoor-only infrared line, running $2,499 to $6,499 and mostly on a standard 120V outlet. If you want a solid-wood cabin that runs on ordinary household power and costs a fraction of premium brands, it earns a look. If you want traditional-sauna intensity or a certified lowest-EMF figure at your seat, look closely first. This review gives you a straight verdict, a fast model selector, current prices, and the compromises that matter.","Dynamic is Golden Designs' value-focused, indoor-only infrared line, running $2,499 to $6,499 and mostly on a standard <a href=""/pages/sauna-electrical-requirements"">120V outlet</a>. If you want a solid-wood cabin that runs on ordinary household power and costs a fraction of premium brands, it earns a look. If you want traditional-sauna intensity or a certified lowest-EMF figure at your seat, look closely first. This review gives you a straight verdict, a fast model selector, current prices, and the compromises that matter.",/pages/sauna-electrical-requirements,120V outlet,"Dynamic is Golden Designs' value-focused, indoor-only infrared line, running $2,499 to $6,499 and mostly on a standard 120V outlet. If you want a solid-wood cabin that runs on ordinary household power and costs a fraction of premium brands, it earns a look. If you want traditional-sauna intensity or a certified lowest-EMF figure at your seat, look closely first. This review gives you a straight ve","Dynamic is Golden Designs' value-focused, indoor-only infrared line, running $2,499 to $6,499 and mostly on a standard 120V outlet. If you want a solid-wood cabin that runs on ordinary household power and costs a fraction of premium brands, it earns a look. If you want traditional-sauna intensity or a certified lowest-EMF figure at your seat, look closely first. This review gives you a straight verdict, a fast model selector, current prices, and the compromises that matter.","Dynamic is Golden Designs' value-focused, indoor-only infrared line, running $2,499 to $6,499 and mostly on a standard <a href=""/pages/sauna-electrical-requirements"">120V outlet</a>. If you want a solid-wood cabin that runs on ordinary household power and costs a fraction of premium brands, it earns a look. If you want traditional-sauna intensity or a certified lowest-EMF figure at your seat, look closely first. This review gives you a straight verdict, a fast model selector, current prices, and the compromises that matter.",y
/blogs/saunas/finnmark-designs-fd-4-review,article,,article body (existing paragraph),Any electrical work your installation requires,"Any <a href=""/pages/sauna-electrical-requirements"">electrical work</a> your installation requires",/pages/sauna-electrical-requirements,electrical work,Any electrical work your installation requires,Any electrical work your installation requires,"Any <a href=""/pages/sauna-electrical-requirements"">electrical work</a> your installation requires",y
/blogs/saunas/saunalife-model-g6-review,article,,article body (existing paragraph),Affects both aesthetics and heater sizing,"Affects both aesthetics and <a href=""/pages/sauna-heater-size-calculator"">heater sizing</a>",/pages/sauna-heater-size-calculator,heater sizing,Affects both aesthetics and heater sizing,Affects both aesthetics and heater sizing,"Affects both aesthetics and <a href=""/pages/sauna-heater-size-calculator"">heater sizing</a>",y
/blogs/saunas/dynamic-saunas-monaco-dyn-6996-01-elite,article,,article body (existing paragraph),"Golden Designs / Dynamic Saunas — Manufacturer and authorized-retailer product documentation for the DYN-6996-01 Elite (specifications, dimensions, EMF ratings, electrical requirements, warranty, and delivery)","Golden Designs / Dynamic Saunas — Manufacturer and authorized-retailer product documentation for the DYN-6996-01 Elite (specifications, dimensions, EMF ratings, <a href=""/pages/sauna-electrical-requirements?model=dynamic-monaco-6-person"">electrical requirements</a>, warranty, and delivery)",/pages/sauna-electrical-requirements?model=dynamic-monaco-6-person,electrical requirements,"Golden Designs / Dynamic Saunas — Manufacturer and authorized-retailer product documentation for the DYN-6996-01 Elite (specifications, dimensions, EMF ratings, electrical requirements, warranty, and delivery)","Golden Designs / Dynamic Saunas — Manufacturer and authorized-retailer product documentation for the DYN-6996-01 Elite (specifications, dimensions, EMF ratings, electrical requirements, warranty, and delivery)","Golden Designs / Dynamic Saunas — Manufacturer and authorized-retailer product documentation for the DYN-6996-01 Elite (specifications, dimensions, EMF ratings, <a href=""/pages/sauna-electrical-requirements?model=dynamic-monaco-6-person"">electrical requirements</a>, warranty, and delivery)",y
/blogs/saunas/maxxus-mx-s106-01,article,,article body (existing paragraph),"Electrical is 120V / 15A, non-GFCI, plug-and-play, with a dedicated outlet recommended; confirm against the manual and local code (Golden Designs; Manuals.plus).","Electrical is 120V / 15A, non-GFCI, plug-and-play, with a <a href=""/pages/sauna-electrical-requirements?model=maxxus-s-line-1-person"">dedicated outlet</a> recommended; confirm against the manual and local code (Golden Designs; Manuals.plus).",/pages/sauna-electrical-requirements?model=maxxus-s-line-1-person,dedicated outlet,"Electrical is 120V / 15A, non-GFCI, plug-and-play, with a dedicated outlet recommended; confirm against the manual and local code (Golden Designs; Manuals.plus).","Electrical is 120V / 15A, non-GFCI, plug-and-play, with a dedicated outlet recommended; confirm against the manual and local code (Golden Designs; Manuals.plus).","Electrical is 120V / 15A, non-GFCI, plug-and-play, with a <a href=""/pages/sauna-electrical-requirements?model=maxxus-s-line-1-person"">dedicated outlet</a> recommended; confirm against the manual and local code (Golden Designs; Manuals.plus).",y
/blogs/news/best-6-person-sauna,article,,article body (existing paragraph)," A Harvia 8kW stove and 13 infrared emitters in one indoor cabin, heater included. Limitation: premium price and 240V hardwired installation."," A Harvia <a href=""/pages/8-kw-sauna-heater-breaker-size"">8kW stove</a> and 13 infrared emitters in one indoor cabin, heater included. Limitation: premium price and 240V hardwired installation.",/pages/8-kw-sauna-heater-breaker-size,8kW stove,"Golden Designs Toledo — Best Indoor Hybrid Sauna for Flexible Heat Choice. A Harvia 8kW stove and 13 infrared emitters in one indoor cabin, heater included. Limitation: premium price and 240V hardwired installation."," A Harvia 8kW stove and 13 infrared emitters in one indoor cabin, heater included. Limitation: premium price and 240V hardwired installation."," A Harvia <a href=""/pages/8-kw-sauna-heater-breaker-size"">8kW stove</a> and 13 infrared emitters in one indoor cabin, heater included. Limitation: premium price and 240V hardwired installation.",y
/blogs/saunas/almost-heaven-audra-shenandoah,article,,article body (existing paragraph),"                                                      ship free to the lower 48 and stop at the curb. Getting the crate inside is $600. Inside and assembled is $1,800, which covers everything except electrical work, because the wiring has to meet your local code and pass local inspection. We publish those numbers because they are the ones that surprise people.","                                                      ship free to the lower 48 and stop at the curb. Getting the crate inside is $600. Inside and assembled is $1,800, which covers everything except <a href=""/pages/sauna-electrical-requirements"">electrical work</a>, because the wiring has to meet your local code and pass local inspection. We publish those numbers because they are the ones that surprise people.",/pages/sauna-electrical-requirements,electrical work,"Our outdoor saunas ship free to the lower 48 and stop at the curb. Getting the crate inside is $600. Inside and assembled is $1,800, which covers everything except electrical work, because the wiring has to meet your local code and pass local inspection. We publish those numbers because they are the ones that surprise people.","                                                      ship free to the lower 48 and stop at the curb. Getting the crate inside is $600. Inside and assembled is $1,800, which covers everything except electrical work, because the wiring has to meet your local code and pass local inspection. We publish those numbers because they are the ones that surprise people.","                                                      ship free to the lower 48 and stop at the curb. Getting the crate inside is $600. Inside and assembled is $1,800, which covers everything except <a href=""/pages/sauna-electrical-requirements"">electrical work</a>, because the wiring has to meet your local code and pass local inspection. We publish those numbers because they are the ones that surprise people.",y
/blogs/saunas/true-total-cost-home-sauna,article,,article body (existing paragraph),"Most infrared cabins run on a standard 120V circuit and need nothing more than a free outlet. Traditional rooms and the larger infrared builds generally need a dedicated 240V circuit, run from your panel by a licensed electrician and inspected to local code.","Most infrared cabins run on a standard <a href=""/pages/sauna-electrical-requirements"">120V circuit</a> and need nothing more than a free outlet. Traditional rooms and the larger infrared builds generally need a dedicated 240V circuit, run from your panel by a licensed electrician and inspected to local code.",/pages/sauna-electrical-requirements,120V circuit,"Most infrared cabins run on a standard 120V circuit and need nothing more than a free outlet. Traditional rooms and the larger infrared builds generally need a dedicated 240V circuit, run from your panel by a licensed electrician and inspected to local code.","Most infrared cabins run on a standard 120V circuit and need nothing more than a free outlet. Traditional rooms and the larger infrared builds generally need a dedicated 240V circuit, run from your panel by a licensed electrician and inspected to local code.","Most infrared cabins run on a standard <a href=""/pages/sauna-electrical-requirements"">120V circuit</a> and need nothing more than a free outlet. Traditional rooms and the larger infrared builds generally need a dedicated 240V circuit, run from your panel by a licensed electrician and inspected to local code.",y
/collections/sauna,collection,,collection description (existing paragraph),"Nineteen units name a 240V circuit, so most electric builds need dedicated wiring. Wood-fired models need a flue and clearances instead, and no power at all. Golden Designs supplies 21 and SaunaLife 11, with Scandia, Dundalk Leisurecraft and Ripavi covering the upper end.","Nineteen units name a <a href=""/pages/sauna-electrical-requirements"">240V circuit</a>, so most electric builds need dedicated wiring. Wood-fired models need a flue and clearances instead, and no power at all. Golden Designs supplies 21 and SaunaLife 11, with Scandia, Dundalk Leisurecraft and Ripavi covering the upper end.",/pages/sauna-electrical-requirements,240V circuit,"Nineteen units name a 240V circuit, so most electric builds need dedicated wiring. Wood-fired models need a flue and clearances instead, and no power at all. Golden Designs supplies 21 and SaunaLife 11, with Scandia, Dundalk Leisurecraft and Ripavi covering the upper end.","Nineteen units name a 240V circuit, so most electric builds need dedicated wiring. Wood-fired models need a flue and clearances instead, and no power at all. Golden Designs supplies 21 and SaunaLife 11, with Scandia, Dundalk Leisurecraft and Ripavi covering the upper end.","Nineteen units name a <a href=""/pages/sauna-electrical-requirements"">240V circuit</a>, so most electric builds need dedicated wiring. Wood-fired models need a flue and clearances instead, and no power at all. Golden Designs supplies 21 and SaunaLife 11, with Scandia, Dundalk Leisurecraft and Ripavi covering the upper end.",y
/collections/saunas,collection,,collection description (existing paragraph),"Infrared cabins run cooler, around 120 to 140°F, and most plug into a standard outlet. Traditional rooms are electric or wood-fired, reach up to 195°F, and generally need a dedicated 240V circuit or a flue and a clearance to combustibles. That difference decides your install cost before it decides anything else.","Infrared cabins run cooler, around 120 to 140°F, and most plug into a standard outlet. Traditional rooms are electric or wood-fired, reach up to 195°F, and generally need a <a href=""/pages/sauna-electrical-requirements"">dedicated 240V circuit</a> or a flue and a clearance to combustibles. That difference decides your install cost before it decides anything else.",/pages/sauna-electrical-requirements,dedicated 240V circuit,"Infrared cabins run cooler, around 120 to 140°F, and most plug into a standard outlet. Traditional rooms are electric or wood-fired, reach up to 195°F, and generally need a dedicated 240V circuit or a flue and a clearance to combustibles. That difference decides your install cost before it decides anything else.","Infrared cabins run cooler, around 120 to 140°F, and most plug into a standard outlet. Traditional rooms are electric or wood-fired, reach up to 195°F, and generally need a dedicated 240V circuit or a flue and a clearance to combustibles. That difference decides your install cost before it decides anything else.","Infrared cabins run cooler, around 120 to 140°F, and most plug into a standard outlet. Traditional rooms are electric or wood-fired, reach up to 195°F, and generally need a <a href=""/pages/sauna-electrical-requirements"">dedicated 240V circuit</a> or a flue and a clearance to combustibles. That difference decides your install cost before it decides anything else.",y
/collections/harvia-sauna-heaters,collection,,collection description (existing paragraph),"Match the kW to your room volume, not your preference. Undersized never reaches temperature; oversized cycles hard and wastes power. Electric needs a dedicated circuit run to the room, wood needs a flue and clearances, and that choice usually decides more about installation cost than the heater price does.","Match the kW to your room volume, not your preference. Undersized never reaches temperature; oversized cycles hard and wastes power. Electric needs a <a href=""/pages/sauna-electrical-requirements"">dedicated circuit</a> run to the room, wood needs a flue and clearances, and that choice usually decides more about installation cost than the heater price does.",/pages/sauna-electrical-requirements,dedicated circuit,"Match the kW to your room volume, not your preference. Undersized never reaches temperature; oversized cycles hard and wastes power. Electric needs a dedicated circuit run to the room, wood needs a flue and clearances, and that choice usually decides more about installation cost than the heater price does.","Match the kW to your room volume, not your preference. Undersized never reaches temperature; oversized cycles hard and wastes power. Electric needs a dedicated circuit run to the room, wood needs a flue and clearances, and that choice usually decides more about installation cost than the heater price does.","Match the kW to your room volume, not your preference. Undersized never reaches temperature; oversized cycles hard and wastes power. Electric needs a <a href=""/pages/sauna-electrical-requirements"">dedicated circuit</a> run to the room, wood needs a flue and clearances, and that choice usually decides more about installation cost than the heater price does.",y
/collections/infrared-saunas,collection,,collection description (existing paragraph),"Most infrared saunas here run on a standard 120V circuit, which is why they fit a normal room without an electrician. The ones needing 240V rarely say so in the title, so check the listing before you budget. From $1,999.","Most infrared saunas here run on a <a href=""/pages/infrared-sauna-dedicated-circuit"">standard 120V circuit</a>, which is why they fit a normal room without an electrician. The ones needing 240V rarely say so in the title, so check the listing before you budget. From $1,999.",/pages/infrared-sauna-dedicated-circuit,standard 120V circuit,"Most infrared saunas here run on a standard 120V circuit, which is why they fit a normal room without an electrician. The ones needing 240V rarely say so in the title, so check the listing before you budget. From $1,999.","Most infrared saunas here run on a standard 120V circuit, which is why they fit a normal room without an electrician. The ones needing 240V rarely say so in the title, so check the listing before you budget. From $1,999.","Most infrared saunas here run on a <a href=""/pages/infrared-sauna-dedicated-circuit"">standard 120V circuit</a>, which is why they fit a normal room without an electrician. The ones needing 240V rarely say so in the title, so check the listing before you budget. From $1,999.",y
/collections/ultra-low-emf,collection,,collection description (existing paragraph),"Almost every cabin states a capacity, running one to six people. Most run on a standard 120V circuit, so they fit a normal room without an electrician. Where a maximum temperature is published it is 140°F or below.","Almost every cabin states a capacity, running one to six people. Most run on a <a href=""/pages/sauna-electrical-requirements"">standard 120V circuit</a>, so they fit a normal room without an electrician. Where a maximum temperature is published it is 140°F or below.",/pages/sauna-electrical-requirements,standard 120V circuit,"Almost every cabin states a capacity, running one to six people. Most run on a standard 120V circuit, so they fit a normal room without an electrician. Where a maximum temperature is published it is 140°F or below.","Almost every cabin states a capacity, running one to six people. Most run on a standard 120V circuit, so they fit a normal room without an electrician. Where a maximum temperature is published it is 140°F or below.","Almost every cabin states a capacity, running one to six people. Most run on a <a href=""/pages/sauna-electrical-requirements"">standard 120V circuit</a>, so they fit a normal room without an electrician. Where a maximum temperature is published it is 140°F or below.",y
/collections/far-infrared,collection,,collection description (existing paragraph),"Most run on a standard 120V circuit and fit a normal room without an electrician. A minority need 240V, and they do not reliably say so in the title.","Most run on a <a href=""/pages/infrared-sauna-dedicated-circuit"">standard 120V circuit</a> and fit a normal room without an electrician. A minority need 240V, and they do not reliably say so in the title.",/pages/infrared-sauna-dedicated-circuit,standard 120V circuit,"Most run on a standard 120V circuit and fit a normal room without an electrician. A minority need 240V, and they do not reliably say so in the title.","Most run on a standard 120V circuit and fit a normal room without an electrician. A minority need 240V, and they do not reliably say so in the title.","Most run on a <a href=""/pages/infrared-sauna-dedicated-circuit"">standard 120V circuit</a> and fit a normal room without an electrician. A minority need 240V, and they do not reliably say so in the title.",y
/collections/golden-designs,collection,,collection description (existing paragraph),"The infrared cabins run cooler and many plug into a standard outlet. The hybrids pair infrared panels with a traditional stove so the same room reaches Finnish temperatures, and they need a dedicated 240V circuit. Around four in ten of these listings name a 120V supply and around half name 240V, which is the clearest signal of which kind of build you are looking at before you read anything else.","The infrared cabins run cooler and many plug into a standard outlet. The hybrids pair infrared panels with a traditional stove so the same room reaches Finnish temperatures, and they need a <a href=""/pages/sauna-electrical-requirements"">dedicated 240V circuit</a>. Around four in ten of these listings name a 120V supply and around half name 240V, which is the clearest signal of which kind of build you are looking at before you read anything else.",/pages/sauna-electrical-requirements,dedicated 240V circuit,"The infrared cabins run cooler and many plug into a standard outlet. The hybrids pair infrared panels with a traditional stove so the same room reaches Finnish temperatures, and they need a dedicated 240V circuit. Around four in ten of these listings name a 120V supply and around half name 240V, which is the clearest signal of which kind of build you are looking at before you read anything else.","The infrared cabins run cooler and many plug into a standard outlet. The hybrids pair infrared panels with a traditional stove so the same room reaches Finnish temperatures, and they need a dedicated 240V circuit. Around four in ten of these listings name a 120V supply and around half name 240V, which is the clearest signal of which kind of build you are looking at before you read anything else.","The infrared cabins run cooler and many plug into a standard outlet. The hybrids pair infrared panels with a traditional stove so the same room reaches Finnish temperatures, and they need a <a href=""/pages/sauna-electrical-requirements"">dedicated 240V circuit</a>. Around four in ten of these listings name a 120V supply and around half name 240V, which is the clearest signal of which kind of build you are looking at before you read anything else.",y
/collections/hybrid,collection,,collection description (existing paragraph),"A hybrid needs the 240V circuit, so get the install quote first — ","A hybrid needs the <a href=""/pages/sauna-electrical-requirements"">240V circuit</a>, so get the install quote first — ",/pages/sauna-electrical-requirements,240V circuit,"A hybrid needs the 240V circuit, so get the install quote first — the true total cost of a home sauna sets out what to ask.","A hybrid needs the 240V circuit, so get the install quote first — ","A hybrid needs the <a href=""/pages/sauna-electrical-requirements"">240V circuit</a>, so get the install quote first — ",y
/collections/outdoor-saunas,collection,,collection description (existing paragraph),"Nineteen units publish a temperature, reaching 190°F. Eleven name a 240V circuit and six a dedicated one, so budget for an electrician on most builds. An outdoor sauna also needs a level, load-bearing base you provide yourself, and clearance for a flue where the unit is wood-fired.","Nineteen units publish a temperature, reaching 190°F. Eleven name a <a href=""/pages/sauna-electrical-requirements"">240V circuit</a> and six a dedicated one, so budget for an electrician on most builds. An outdoor sauna also needs a level, load-bearing base you provide yourself, and clearance for a flue where the unit is wood-fired.",/pages/sauna-electrical-requirements,240V circuit,"Nineteen units publish a temperature, reaching 190°F. Eleven name a 240V circuit and six a dedicated one, so budget for an electrician on most builds. An outdoor sauna also needs a level, load-bearing base you provide yourself, and clearance for a flue where the unit is wood-fired.","Nineteen units publish a temperature, reaching 190°F. Eleven name a 240V circuit and six a dedicated one, so budget for an electrician on most builds. An outdoor sauna also needs a level, load-bearing base you provide yourself, and clearance for a flue where the unit is wood-fired.","Nineteen units publish a temperature, reaching 190°F. Eleven name a <a href=""/pages/sauna-electrical-requirements"">240V circuit</a> and six a dedicated one, so budget for an electrician on most builds. An outdoor sauna also needs a level, load-bearing base you provide yourself, and clearance for a flue where the unit is wood-fired.",y
/collections/indoor-sauna,collection,,collection description (existing paragraph),"An indoor sauna needs a level floor that can carry the load, clearance to the walls on every side, and ventilation. Traditional units need a dedicated 240V circuit run to the room. None of that is difficult, but all of it is easier to plan before the cabin arrives than after.","An indoor sauna needs a level floor that can carry the load, clearance to the walls on every side, and ventilation. Traditional units need a <a href=""/pages/sauna-electrical-requirements"">dedicated 240V circuit</a> run to the room. None of that is difficult, but all of it is easier to plan before the cabin arrives than after.",/pages/sauna-electrical-requirements,dedicated 240V circuit,"An indoor sauna needs a level floor that can carry the load, clearance to the walls on every side, and ventilation. Traditional units need a dedicated 240V circuit run to the room. None of that is difficult, but all of it is easier to plan before the cabin arrives than after.","An indoor sauna needs a level floor that can carry the load, clearance to the walls on every side, and ventilation. Traditional units need a dedicated 240V circuit run to the room. None of that is difficult, but all of it is easier to plan before the cabin arrives than after.","An indoor sauna needs a level floor that can carry the load, clearance to the walls on every side, and ventilation. Traditional units need a <a href=""/pages/sauna-electrical-requirements"">dedicated 240V circuit</a> run to the room. None of that is difficult, but all of it is easier to plan before the cabin arrives than after.",y
/collections/scandia-manufacturing,collection,,collection description (existing paragraph),"The range spans electric and gas, and the choice usually decides more about installation cost than the heater price does. Three of the ten name a 240V supply explicitly; confirm the electrical requirement against the specific model rather than assuming it from the price. A gas unit needs a flue and clearances instead of a circuit, which is a different trade and a different quote.","The range spans electric and gas, and the choice usually decides more about installation cost than the heater price does. Three of the ten name a <a href=""/pages/sauna-electrical-requirements"">240V supply</a> explicitly; confirm the electrical requirement against the specific model rather than assuming it from the price. A gas unit needs a flue and clearances instead of a circuit, which is a different trade and a different quote.",/pages/sauna-electrical-requirements,240V supply,"The range spans electric and gas, and the choice usually decides more about installation cost than the heater price does. Three of the ten name a 240V supply explicitly; confirm the electrical requirement against the specific model rather than assuming it from the price. A gas unit needs a flue and clearances instead of a circuit, which is a different trade and a different quote.","The range spans electric and gas, and the choice usually decides more about installation cost than the heater price does. Three of the ten name a 240V supply explicitly; confirm the electrical requirement against the specific model rather than assuming it from the price. A gas unit needs a flue and clearances instead of a circuit, which is a different trade and a different quote.","The range spans electric and gas, and the choice usually decides more about installation cost than the heater price does. Three of the ten name a <a href=""/pages/sauna-electrical-requirements"">240V supply</a> explicitly; confirm the electrical requirement against the specific model rather than assuming it from the price. A gas unit needs a flue and clearances instead of a circuit, which is a different trade and a different quote.",y
/collections/medical-sauna,collection,,collection description (existing paragraph),"Six of the 13 need a 240V supply and three run on standard 120V. Settle that first: a 240V circuit is an electrician's job quoted separately, and it decides whether you are installing next week or next month.","Six of the 13 need a <a href=""/pages/sauna-electrical-requirements"">240V supply</a> and three run on standard 120V. Settle that first: a 240V circuit is an electrician's job quoted separately, and it decides whether you are installing next week or next month.",/pages/sauna-electrical-requirements,240V supply,"Six of the 13 need a 240V supply and three run on standard 120V. Settle that first: a 240V circuit is an electrician's job quoted separately, and it decides whether you are installing next week or next month.","Six of the 13 need a 240V supply and three run on standard 120V. Settle that first: a 240V circuit is an electrician's job quoted separately, and it decides whether you are installing next week or next month.","Six of the 13 need a <a href=""/pages/sauna-electrical-requirements"">240V supply</a> and three run on standard 120V. Settle that first: a 240V circuit is an electrician's job quoted separately, and it decides whether you are installing next week or next month.",y
/collections/electric-saunas,collection,,collection description (existing paragraph),"An electric heater reaches temperature on a timer and needs a dedicated circuit run to the room by an electrician. A wood-burning stove needs a chimney, clearances to combustible walls and forty minutes of lead time, and no electrician at all. Neither is better; they are different routines and the installation cost lands in different trades. See ","An electric heater reaches temperature on a timer and needs a <a href=""/pages/sauna-electrical-requirements"">dedicated circuit</a> run to the room by an electrician. A wood-burning stove needs a chimney, clearances to combustible walls and forty minutes of lead time, and no electrician at all. Neither is better; they are different routines and the installation cost lands in different trades. See ",/pages/sauna-electrical-requirements,dedicated circuit,"An electric heater reaches temperature on a timer and needs a dedicated circuit run to the room by an electrician. A wood-burning stove needs a chimney, clearances to combustible walls and forty minutes of lead time, and no electrician at all. Neither is better; they are different routines and the installation cost lands in different trades. See sauna heaters for the full range across both.","An electric heater reaches temperature on a timer and needs a dedicated circuit run to the room by an electrician. A wood-burning stove needs a chimney, clearances to combustible walls and forty minutes of lead time, and no electrician at all. Neither is better; they are different routines and the installation cost lands in different trades. See ","An electric heater reaches temperature on a timer and needs a <a href=""/pages/sauna-electrical-requirements"">dedicated circuit</a> run to the room by an electrician. A wood-burning stove needs a chimney, clearances to combustible walls and forty minutes of lead time, and no electrician at all. Neither is better; they are different routines and the installation cost lands in different trades. See ",y
/collections/huum-sauna-heaters,collection,,collection description (existing paragraph),"Thirty-one items. Some are the heater alone, some are packages with stones, a control unit or a flue. That is why a $773 line and a $6,278 line can both be described as a heater. Eight name a 240V supply; the wood-burning stoves need a flue and clearances instead of a circuit.","Thirty-one items. Some are the heater alone, some are packages with stones, a control unit or a flue. That is why a $773 line and a $6,278 line can both be described as a heater. Eight name a <a href=""/pages/sauna-electrical-requirements"">240V supply</a>; the wood-burning stoves need a flue and clearances instead of a circuit.",/pages/sauna-electrical-requirements,240V supply,"Thirty-one items. Some are the heater alone, some are packages with stones, a control unit or a flue. That is why a $773 line and a $6,278 line can both be described as a heater. Eight name a 240V supply; the wood-burning stoves need a flue and clearances instead of a circuit.","Thirty-one items. Some are the heater alone, some are packages with stones, a control unit or a flue. That is why a $773 line and a $6,278 line can both be described as a heater. Eight name a 240V supply; the wood-burning stoves need a flue and clearances instead of a circuit.","Thirty-one items. Some are the heater alone, some are packages with stones, a control unit or a flue. That is why a $773 line and a $6,278 line can both be described as a heater. Eight name a <a href=""/pages/sauna-electrical-requirements"">240V supply</a>; the wood-burning stoves need a flue and clearances instead of a circuit.",y
/collections/finnmark-designs,collection,,collection description (existing paragraph),"FD-1 through FD-5 is a single ladder: one person up to a five-person Trinity XL, with the FD-4 and FD-5 pairing infrared with steam in one cabin. Four name a standard 120V supply, which is unusual at this price and means most of the range plugs in rather than needing a circuit run. Confirm it on the model you want, because the larger combos are the likelier exception.","FD-1 through FD-5 is a single ladder: one person up to a five-person Trinity XL, with the FD-4 and FD-5 pairing infrared with steam in one cabin. Four name a <a href=""/pages/infrared-sauna-dedicated-circuit"">standard 120V supply</a>, which is unusual at this price and means most of the range plugs in rather than needing a circuit run. Confirm it on the model you want, because the larger combos are the likelier exception.",/pages/infrared-sauna-dedicated-circuit,standard 120V supply,"FD-1 through FD-5 is a single ladder: one person up to a five-person Trinity XL, with the FD-4 and FD-5 pairing infrared with steam in one cabin. Four name a standard 120V supply, which is unusual at this price and means most of the range plugs in rather than needing a circuit run. Confirm it on the model you want, because the larger combos are the likelier exception.","FD-1 through FD-5 is a single ladder: one person up to a five-person Trinity XL, with the FD-4 and FD-5 pairing infrared with steam in one cabin. Four name a standard 120V supply, which is unusual at this price and means most of the range plugs in rather than needing a circuit run. Confirm it on the model you want, because the larger combos are the likelier exception.","FD-1 through FD-5 is a single ladder: one person up to a five-person Trinity XL, with the FD-4 and FD-5 pairing infrared with steam in one cabin. Four name a <a href=""/pages/infrared-sauna-dedicated-circuit"">standard 120V supply</a>, which is unusual at this price and means most of the range plugs in rather than needing a circuit run. Confirm it on the model you want, because the larger combos are the likelier exception.",y
/collections/6-person-sauna,collection,,collection description (existing paragraph),"The units here that publish an electrical requirement are split roughly evenly between a standard 120V outlet and a dedicated 240V circuit. There is no rule of thumb by size that will save you the check. Confirm the requirement on the specific model before you buy, and get an electrician's quote before you commit, because a 240V run to a garage or basement is frequently the second-largest line on the invoice.","The units here that publish an electrical requirement are split roughly evenly between a <a href=""/pages/sauna-electrical-requirements"">standard 120V outlet</a> and a dedicated 240V circuit. There is no rule of thumb by size that will save you the check. Confirm the requirement on the specific model before you buy, and get an electrician's quote before you commit, because a 240V run to a garage or basement is frequently the second-largest line on the invoice.",/pages/sauna-electrical-requirements,standard 120V outlet,"The units here that publish an electrical requirement are split roughly evenly between a standard 120V outlet and a dedicated 240V circuit. There is no rule of thumb by size that will save you the check. Confirm the requirement on the specific model before you buy, and get an electrician's quote before you commit, because a 240V run to a garage or basement is frequently the second-largest line on ","The units here that publish an electrical requirement are split roughly evenly between a standard 120V outlet and a dedicated 240V circuit. There is no rule of thumb by size that will save you the check. Confirm the requirement on the specific model before you buy, and get an electrician's quote before you commit, because a 240V run to a garage or basement is frequently the second-largest line on the invoice.","The units here that publish an electrical requirement are split roughly evenly between a <a href=""/pages/sauna-electrical-requirements"">standard 120V outlet</a> and a dedicated 240V circuit. There is no rule of thumb by size that will save you the check. Confirm the requirement on the specific model before you buy, and get an electrician's quote before you commit, because a 240V run to a garage or basement is frequently the second-largest line on the invoice.",y
/collections/indoor-infrared-sauna,collection,,collection description (existing paragraph),"Indoor infrared cabins here start at $1,999, and most of them run on a standard 120V household outlet. That is the practical difference between an indoor infrared cabin and almost every other sauna we sell: no dedicated circuit, no concrete pad, no roof.","Indoor infrared cabins here start at $1,999, and most of them run on a <a href=""/pages/infrared-sauna-dedicated-circuit"">standard 120V household outlet</a>. That is the practical difference between an indoor infrared cabin and almost every other sauna we sell: no dedicated circuit, no concrete pad, no roof.",/pages/infrared-sauna-dedicated-circuit,standard 120V household outlet,"Indoor infrared cabins here start at $1,999, and most of them run on a standard 120V household outlet. That is the practical difference between an indoor infrared cabin and almost every other sauna we sell: no dedicated circuit, no concrete pad, no roof.","Indoor infrared cabins here start at $1,999, and most of them run on a standard 120V household outlet. That is the practical difference between an indoor infrared cabin and almost every other sauna we sell: no dedicated circuit, no concrete pad, no roof.","Indoor infrared cabins here start at $1,999, and most of them run on a <a href=""/pages/infrared-sauna-dedicated-circuit"">standard 120V household outlet</a>. That is the practical difference between an indoor infrared cabin and almost every other sauna we sell: no dedicated circuit, no concrete pad, no roof.",y
/collections/3-person-corner-sauna,collection,,collection description (existing paragraph),"These are infrared cabins running at 120 to 140°F, so sessions run longer and cooler than a traditional room. Most publish a standard 120V outlet as their requirement, which is why a corner cabin is often the practical choice for a spare bedroom or a finished basement. Both Canadian hemlock and western red cedar appear here.","These are infrared cabins running at 120 to 140°F, so sessions run longer and cooler than a traditional room. Most publish a <a href=""/pages/infrared-sauna-dedicated-circuit"">standard 120V outlet</a> as their requirement, which is why a corner cabin is often the practical choice for a spare bedroom or a finished basement. Both Canadian hemlock and western red cedar appear here.",/pages/infrared-sauna-dedicated-circuit,standard 120V outlet,"These are infrared cabins running at 120 to 140°F, so sessions run longer and cooler than a traditional room. Most publish a standard 120V outlet as their requirement, which is why a corner cabin is often the practical choice for a spare bedroom or a finished basement. Both Canadian hemlock and western red cedar appear here.","These are infrared cabins running at 120 to 140°F, so sessions run longer and cooler than a traditional room. Most publish a standard 120V outlet as their requirement, which is why a corner cabin is often the practical choice for a spare bedroom or a finished basement. Both Canadian hemlock and western red cedar appear here.","These are infrared cabins running at 120 to 140°F, so sessions run longer and cooler than a traditional room. Most publish a <a href=""/pages/infrared-sauna-dedicated-circuit"">standard 120V outlet</a> as their requirement, which is why a corner cabin is often the practical choice for a spare bedroom or a finished basement. Both Canadian hemlock and western red cedar appear here.",y
/collections/2-person-infrared-sauna,collection,,collection description (existing paragraph),"Two-person infrared saunas here start at $1,999, and nearly every one runs on a standard 120V household outlet. This is the entry point to the category, and for most buyers it is the size that actually gets used.","Two-person infrared saunas here start at $1,999, and nearly every one runs on a <a href=""/pages/infrared-sauna-dedicated-circuit"">standard 120V household outlet</a>. This is the entry point to the category, and for most buyers it is the size that actually gets used.",/pages/infrared-sauna-dedicated-circuit,standard 120V household outlet,"Two-person infrared saunas here start at $1,999, and nearly every one runs on a standard 120V household outlet. This is the entry point to the category, and for most buyers it is the size that actually gets used.","Two-person infrared saunas here start at $1,999, and nearly every one runs on a standard 120V household outlet. This is the entry point to the category, and for most buyers it is the size that actually gets used.","Two-person infrared saunas here start at $1,999, and nearly every one runs on a <a href=""/pages/infrared-sauna-dedicated-circuit"">standard 120V household outlet</a>. This is the entry point to the category, and for most buyers it is the size that actually gets used.",y
/pages/faq-page,page,,page body (existing paragraph),"Premium installation ($1,800) covers everything except electrical work.","Premium installation ($1,800) covers everything except <a href=""/pages/sauna-electrical-requirements"">electrical work</a>.",/pages/sauna-electrical-requirements,electrical work,"Premium installation ($1,800) covers everything except electrical work.","Premium installation ($1,800) covers everything except electrical work.","Premium installation ($1,800) covers everything except <a href=""/pages/sauna-electrical-requirements"">electrical work</a>.",y
/pages/sauna-cost,page,,page body (existing paragraph),"Then the electrician is a separate bill,","Then <a href=""/pages/sauna-electrical-requirements"">the electrician</a> is a separate bill,",/pages/sauna-electrical-requirements,the electrician,"Then the electrician is a separate bill,","Then the electrician is a separate bill,","Then <a href=""/pages/sauna-electrical-requirements"">the electrician</a> is a separate bill,",y
/pages/sauna-database-methodology,page,,page body (existing paragraph),"A reference of home sauna specifications, with the electrical requirements first.","A reference of home sauna specifications, with the <a href=""/pages/sauna-electrical-requirements"">electrical requirements</a> first.",/pages/sauna-electrical-requirements,electrical requirements,"A reference of home sauna specifications, with the electrical requirements first.","A reference of home sauna specifications, with the electrical requirements first.","A reference of home sauna specifications, with the <a href=""/pages/sauna-electrical-requirements"">electrical requirements</a> first.",y
